word,count
this,698
is,1138
the,2924
th,147
etext,44
file,6
presented,2
by,517
project,41
gutenberg,34
and,2779
in,1327
cooperation,2
with,838
world,144
library,30
inc,25
from,325
their,214
of,2169
future,5
shakespeare,35
cdroms,1
,55684
often,18
releases,1
etexts,8
that,1417
are,422
not,1036
placed,3
public,14
domain,4
has,61
certain,18
copyright,29
implications,1
you,1638
should,193
read,20
electronic,45
version,23
complete,27
works,31
william,47
provided,25
illinois,24
benedictine,24
college,24
permission,22
machine,23
readable,25
copies,46
may,194
be,789
distributed,44
so,641
long,63
as,604
such,179
for,941
your,753
or,390
others,50
personal,23
use,64
only,57
used,27
commercially,22
prohibited,22
commercial,22
distribution,23
includes,22
any,108
service,55
charges,25
download,22
time,201
membership,22
proud,33
to,2195
cooperate,1
presentation,3
reading,9
education,4
entertainment,8
however,1
neither,26
shareware,1
nor,123
under,46
conditions,6
no,473
made,107
access,2
material,2
encouraged,2
give,161
it,895
away,87
anyone,1
like,197
but,791
allowed,1
welcome,46
free,19
plain,15
vanilla,1
texts,1
both,77
humans,1
computers,1
since,73
these,103
prepared,3
hundreds,1
volunteers,1
donations,4
information,8
on,322
contacting,1
get,44
further,32
included,1
below,7
we,356
need,20
january,1
a,1548
trademark,1
tm,1
named,1
shakstxt,2
shakszip,1
corrected,1
editions,1
our,320
new,43
number,10
versions,1
based,1
separate,2
sources,2
letter,23
shaksatxt,1
if,444
would,272
about,29
please,52
call,63
them,179
at,277
email,3
juliancnetcomcom,1
thanks,21
official,1
release,1
date,10
all,447
midnight,7
central,1
last,31
day,71
stated,1
month,3
preliminary,1
posted,1
suggestion,1
comment,4
editing,1
those,82
who,125
wish,26
do,453
sure,40
have,711
an,188
up,92
first,190
edition,1
xxxxxxxxx,1
check,7
sizes,1
week,4
next,17
ftp,4
program,3
bug,1
scrambles,1
tried,2
fix,1
failed,1
look,96
size,5
will,561
try,20
see,167
copy,8
least,11
one,208
byte,1
more,302
less,22
page,12
produce,5
two,72
million,7
dollars,2
each,31
hour,42
work,17
fifty,6
hours,29
conservative,1
estimate,3
how,216
take,142
selected,1
entered,1
proofread,1
edited,1
searched,1
analyzed,1
letters,17
written,6
etc,3
projected,1
audience,7
hundred,10
readers,2
value,2
per,3
text,2
nominally,1
estimated,1
dollar,1
then,257
year,16
four,13
files,7
thus,81
upping,1
productivity,1
goal,3
trillion,2
december,2
x,3
ten,23
thousand,31
titles,2
which,371
expected,3
computer,2
users,2
end,46
than,230
ever,85
gutenbergibc,1
tax,4
deductible,1
extent,2
allowable,1
law,5
ibc,2
subscriptions,1
paper,11
newsletter,1
go,169
too,135
other,99
matters,5
mail,2
p,1
o,287
box,3
champaign,2
il,3
when,321
fails,2
michael,2
s,3
hart,3
executive,1
director,1
hartvmdcsouiucedu,2
internet,4
hartuiucvmd,2
bitnet,3
prefer,1
send,30
compuserve,2
attmail,2
mcimail,1
emulator,2
directly,3
archives,1
mac,1
point,14
click,1
type,1
mrcnextcsouiucedu,1
login,1
anonymous,1
password,1
yourlogin,1
cd,5
etextetext,2
books,5
now,261
also,2
etextarticles,1
suggest,3
gut,3
dir,1
mget,2
set,37
bin,1
zip,1
indexgut,1
list,7
general,19
newsletters,1
legal,4
advisor,1
small,15
print,9
unlike,2
many,76
gutenbergtm,2
protected,2
materials,1
methods,2
effect,8
projects,1
reputation,11
right,36
distribute,3
limited,4
laws,4
statement,3
license,3
b,3
subject,8
honor,1
refund,3
replacement,3
provisions,1
exact,2
including,6
can,170
compressed,1
proprietary,1
form,17
resulting,1
word,53
processing,1
hypertext,2
software,2
either,18
displayed,1
clearly,2
does,55
contain,3
characters,3
intended,2
author,3
although,15
tilde,1
asterisk,1
underline,1
convey,5
punctuation,1
additional,2
indicate,1
links,1
readily,1
convertible,1
reader,1
expense,7
into,74
ascii,2
ebcdic,1
equivalent,1
displays,1
case,17
instance,8
most,165
processors,1
provide,8
agree,1
request,5
cost,9
fee,4
warranty,2
disclaimer,1
damages,5
defect,6
incomplete,1
inaccurate,1
corrupt,9
data,1
transcription,1
errors,9
infringement,1
defective,2
damaged,1
disk,1
virus,1
codes,1
damage,1
cannot,90
equipment,1
described,1
party,4
receive,13
disclaims,1
liability,2
costs,2
expenses,1
fees,2
remedies,2
negligence,1
strict,1
breach,3
contract,3
indirect,2
consequential,1
punitive,1
incidental,1
even,64
notice,3
possibility,1
discover,4
within,70
days,34
receiv,1
ing,1
money,17
paid,10
sending,2
explanatory,1
note,25
person,12
received,4
physical,1
medium,2
must,168
return,30
choose,12
alternatively,2
electronically,2
second,117
opportunity,1
otherwise,3
asis,1
warranties,3
kind,33
express,7
implied,2
merchantability,1
fitness,2
particular,9
purpose,22
some,130
states,2
allow,5
disclaimers,2
exclusion,1
limitation,1
consequen,1
tial,1
above,13
exclusions,1
apply,3
rights,3
indemnity,1
indemnify,1
hold,42
its,4
directors,1
officers,8
members,2
agents,1
harmless,1
lia,1
bility,1
arise,4
indirectly,2
following,4
cause,36
alteration,2
modification,1
addition,6
c,6
what,472
want,14
dont,1
dedicated,2
increasing,3
licensed,1
freely,6
gratefully,1
accepts,1
contributions,1
scanning,1
machines,1
ocr,1
royalty,2
licenses,1
whatever,1
else,44
think,118
pro,1
ject,1
association,1
write,28
us,162
reached,1
internethartvmdcsouiucedu,1
internetvmdcsouiuceduhart,1
prof,1
po,1
charles,24
kramer,1
attorney,3
compuservecom,1
tel,1
v,12
sonnets,1
fairest,7
creatures,6
desire,30
increase,8
thereby,4
beautys,18
rose,13
might,87
never,113
die,60
riper,3
decease,3
his,760
tender,15
heir,8
bear,71
memory,11
thou,722
contracted,3
thine,89
own,129
bright,16
eyes,110
feedst,1
thy,594
lights,1
flame,5
selfsubstantial,1
fuel,1
making,21
famine,3
where,156
abundance,5
lies,28
self,81
foe,2
sweet,108
cruel,11
art,130
worlds,10
fresh,10
ornament,5
herald,2
gaudy,2
spring,12
bud,2
buriest,1
content,18
churl,3
makst,4
waste,10
niggarding,1
pity,37
glutton,1
eat,25
due,9
grave,12
thee,462
forty,2
winters,7
shall,381
besiege,3
brow,12
dig,1
deep,14
trenches,1
field,11
youths,1
livery,2
gazed,1
tattered,2
weed,4
worth,37
held,9
being,99
asked,2
beauty,64
treasure,15
lusty,6
say,198
sunken,2
were,183
alleating,1
shame,29
thriftless,1
praise,42
much,109
deserved,3
couldst,6
answer,43
fair,101
child,19
mine,202
sum,9
my,1477
count,34
make,210
old,84
excuse,15
proving,1
succession,4
blood,42
warm,4
feelst,1
cold,26
glass,13
tell,107
face,50
viewest,1
another,54
whose,71
repair,5
renewest,1
dost,54
beguile,3
unbless,1
mother,36
she,291
uneared,1
womb,4
disdains,1
tillage,1
husbandry,3
he,750
fond,8
tomb,8
selflove,4
stop,9
posterity,3
mothers,9
calls,21
back,34
lovely,8
april,4
her,512
prime,6
through,28
windows,4
age,33
shalt,30
despite,9
wrinkles,7
golden,8
live,78
remembered,4
single,12
image,5
dies,16
unthrifty,1
loveliness,1
why,158
spend,10
upon,204
legacy,3
natures,17
bequest,1
gives,21
nothing,86
doth,132
lend,14
frank,3
lends,4
beauteous,10
niggard,3
abuse,5
bounteous,3
largess,1
given,26
profitless,1
usurer,2
great,122
sums,2
yet,208
canst,19
having,19
traffic,2
alone,42
deceive,4
nature,54
gone,57
acceptable,1
audit,3
leave,73
unused,4
tombed,1
lives,23
executor,1
gentle,50
did,196
frame,7
gaze,6
every,84
eye,73
dwell,11
play,29
tyrants,4
very,106
same,17
unfair,1
fairly,3
excel,1
neverresting,1
leads,4
summer,9
hideous,3
winter,13
confounds,4
him,582
there,192
sap,4
checked,2
frost,1
leaves,12
quite,11
oersnowed,1
bareness,3
summers,13
distillation,1
left,30
liquid,1
prisoner,2
pent,2
walls,4
bereft,2
remembrance,11
was,291
flowers,9
distilled,3
though,103
they,259
meet,23
leese,1
show,59
substance,5
still,79
let,209
ragged,3
hand,92
deface,1
ere,38
vial,1
place,49
selfkilled,1
forbidden,1
usury,1
happies,1
pay,13
willing,4
loan,1
thats,42
breed,6
times,44
happier,3
refigured,1
could,83
death,77
shouldst,17
depart,5
leaving,3
living,21
selfwilled,1
deaths,10
conquest,5
worms,7
lo,6
orient,2
gracious,15
light,20
lifts,1
burning,1
head,34
homage,4
newappearing,1
sight,35
serving,4
looks,31
sacred,5
majesty,22
climbed,1
steepup,1
heavenly,7
hill,4
resembling,2
strong,32
youth,61
middle,2
mortal,14
adore,3
attending,6
pilgrimage,4
highmost,1
pitch,2
weary,11
car,2
feeble,2
reeleth,1
fore,4
duteous,1
converted,3
low,10
tract,1
way,61
outgoing,1
noon,2
unlooked,2
diest,6
unless,18
son,53
music,20
hear,87
hearst,1
sadly,2
sweets,8
war,40
joy,19
delights,5
lovst,8
receivst,2
gladly,4
pleasure,34
annoy,1
true,92
concord,3
welltuned,1
sounds,3
unions,1
married,34
offend,6
ear,21
sweetly,4
chide,12
singleness,1
parts,19
mark,29
string,1
husband,32
strikes,7
mutual,3
ordering,1
sire,2
happy,24
pleasing,5
sing,29
speechless,2
song,21
seeming,11
sings,6
wilt,38
prove,31
none,59
fear,37
wet,4
widows,4
consumst,1
life,97
ah,20
issueless,1
hap,5
wail,2
makeless,1
wife,76
widow,38
weep,23
hast,69
behind,17
private,6
well,306
keep,49
childrens,1
husbands,5
shape,10
mind,39
unthrift,1
shifts,3
enjoys,1
hath,209
kept,19
user,1
destroys,2
love,387
toward,8
bosom,10
sits,6
himself,45
murdrous,3
commits,3
deny,15
bearst,3
unprovident,1
grant,15
beloved,9
evident,1
possessed,2
hate,32
gainst,17
stickst,1
conspire,2
seeking,4
roof,3
ruinate,1
chief,6
change,29
thought,51
i,2469
fairer,8
lodged,1
presence,10
kindhearted,1
me,958
fast,13
wane,1
growst,3
departest,1
youngly,1
bestowst,1
mayst,18
convertest,1
herein,4
wisdom,12
without,47
folly,16
decay,9
minded,1
cease,3
threescore,1
whom,57
store,14
harsh,4
featureless,1
rude,7
barrenly,1
perish,3
best,67
endowed,1
gave,33
gift,13
bounty,7
cherish,1
carved,2
seal,6
meant,5
clock,7
tells,5
brave,22
sunk,1
night,58
behold,18
violet,2
past,24
sable,1
curls,2
silvered,1
oer,19
white,11
lofty,2
trees,10
barren,7
erst,2
heat,7
canopy,2
herd,4
green,12
girded,1
sheaves,1
borne,8
bier,1
bristly,1
beard,14
question,16
among,7
wastes,3
beauties,4
themselves,22
forsake,5
grow,20
scythe,5
defence,6
save,21
takes,9
hence,38
longer,21
yours,37
here,177
against,74
coming,15
prepare,3
semblance,1
lease,4
find,76
determination,1
again,84
after,55
selfs,3
issue,7
lets,29
house,53
fall,37
honour,78
uphold,1
stormy,1
gusts,1
rage,9
eternal,9
unthrifts,1
dear,68
know,211
had,179
father,60
stars,12
judgement,2
pluck,12
methinks,11
astronomy,1
good,326
evil,7
luck,5
plagues,2
dearths,1
seasons,4
quality,6
fortune,63
brief,11
minutes,5
pointing,3
thunder,2
rain,8
wind,20
princes,6
oft,26
predict,1
heaven,56
knowledge,20
derive,4
constant,5
truth,52
together,38
thrive,8
wouldst,18
convert,1
prognosticate,1
truths,5
doom,9
consider,4
thing,43
grows,10
holds,12
perfection,4
little,47
moment,4
huge,5
stage,8
presenteth,1
nought,8
shows,13
whereon,5
secret,3
influence,3
perceive,7
men,71
plants,3
cheered,1
selfsame,2
sky,6
vaunt,1
youthful,5
height,7
decrease,1
wear,21
state,30
out,141
conceit,6
inconstant,3
stay,37
sets,4
rich,21
before,98
wasteful,3
debateth,1
sullied,1
engraft,1
wherefore,20
mightier,1
bloody,11
tyrant,5
fortify,2
means,27
blessed,12
rhyme,10
stand,36
top,5
maiden,8
gardens,1
unset,1
virtuous,12
liker,1
painted,8
counterfeit,10
lines,8
pencil,2
pupil,1
pen,12
inward,5
outward,9
keeps,12
drawn,10
skill,14
believe,28
verse,20
come,249
filled,3
high,33
deserts,3
knows,38
hides,2
half,17
numbers,5
graces,12
poet,4
touches,9
neer,21
touched,1
earthly,4
faces,5
papers,1
yellowed,1
scorned,1
tongue,38
termed,1
poets,5
stretched,1
metre,1
antique,7
alive,5
twice,8
compare,6
temperate,1
rough,5
winds,4
shake,14
darling,2
buds,5
short,10
sometime,10
hot,10
shines,5
gold,35
complexion,8
dimmed,1
declines,1
chance,9
changing,2
course,16
untrimmed,1
fade,2
lose,35
possession,5
owst,1
brag,2
wandrest,1
shade,6
breathe,6
devouring,1
blunt,3
lions,3
paws,1
earth,32
devour,1
brood,1
keen,4
teeth,9
fierce,3
tigers,1
jaws,2
burn,11
longlived,1
phoenix,6
glad,10
sorry,8
fleetst,1
whateer,7
swiftfooted,1
wide,12
fading,2
forbid,9
heinous,1
crime,5
carve,2
loves,65
draw,23
untainted,1
pattern,2
succeeding,2
worst,10
wrong,18
young,60
womans,13
master,74
mistress,60
passion,16
heart,137
acquainted,9
shifting,1
false,33
womens,5
fashion,13
theirs,3
rolling,1
gilding,2
object,4
whereupon,1
gazeth,1
man,190
hue,5
hues,1
controlling,2
steals,2
mens,13
souls,8
amazeth,1
woman,50
wert,10
created,3
till,87
wrought,3
fell,10
adoting,1
defeated,1
adding,1
pricked,1
muse,17
stirred,1
rehearse,4
couplement,1
sun,26
moon,11
seas,4
gems,1
aprils,2
firstborn,3
things,49
rare,10
heavens,13
air,13
rondure,1
hems,1
truly,32
candles,1
fixed,2
hearsay,1
sell,3
persuade,2
am,266
furrows,1
expiate,1
cover,6
seemly,1
raiment,1
breast,13
elder,4
therefore,77
thyself,20
wary,1
bearing,3
chary,1
nurse,4
babe,4
faring,1
ill,212
presume,3
slain,5
gavst,3
unperfect,1
actor,4
put,55
beside,4
part,74
replete,3
strengths,1
weakens,1
trust,24
forget,8
perfect,6
ceremony,4
rite,2
strength,18
seem,31
oercharged,1
burthen,2
eloquence,2
dumb,8
presagers,1
speaking,7
plead,8
recompense,4
expressed,3
learn,12
silent,3
writ,14
belongs,3
fine,13
wit,36
played,2
painter,2
stelled,1
table,4
body,29
wherein,19
tis,167
perspective,2
painters,1
pictured,1
bosoms,3
shop,2
hanging,1
glazed,1
turns,6
done,70
wherethrough,1
peep,4
therein,10
cunning,8
grace,46
favour,17
boast,8
whilst,29
triumph,9
bars,3
favourites,1
spread,3
marigold,1
suns,2
pride,16
buried,12
frown,6
glory,11
painful,1
warrior,2
famoused,1
fight,29
victories,1
once,41
foiled,1
book,8
razed,2
rest,26
forgot,8
toiled,1
remove,4
removed,7
lord,294
vassalage,1
merit,10
duty,16
strongly,4
knit,4
embassage,1
witness,11
poor,83
bare,8
wanting,4
words,38
hope,47
naked,1
bestow,7
whatsoever,1
star,9
guides,3
moving,3
points,5
graciously,1
aspect,5
puts,3
apparel,6
loving,17
worthy,27
respect,16
dare,22
toil,5
haste,19
bed,29
respose,1
limbs,5
travel,11
tired,4
begins,8
journey,4
bodys,4
expired,1
thoughts,42
far,37
abide,4
intend,3
zealous,2
drooping,1
eyelids,3
open,9
looking,7
darkness,3
blind,8
imaginary,1
presents,3
shadow,10
sightless,2
view,16
jewel,10
hung,3
ghastly,1
makes,46
black,24
quiet,4
plight,2
debarred,1
benefit,5
oppression,2
eased,1
oppressed,2
enemies,5
eithers,2
reign,2
consent,8
hands,29
torture,5
complain,3
farther,7
off,47
clouds,5
blot,4
flatter,4
swartcomplexioned,1
sparkling,1
twire,1
gildst,1
daily,4
sorrows,5
nightly,2
griefs,6
length,7
stronger,9
disgrace,14
beweep,1
outcast,1
trouble,3
deaf,2
bootless,1
cries,7
curse,2
fate,4
wishing,2
featured,1
friends,57
desiring,1
mans,24
scope,6
enjoy,4
contented,5
almost,20
despising,1
haply,9
lark,2
break,36
arising,1
sullen,4
hymns,2
gate,7
wealth,12
brings,12
scorn,12
kings,30
sessions,1
summon,1
sigh,2
lack,25
sought,4
woes,4
drown,6
flow,4
precious,10
hid,3
dateless,2
afresh,1
cancelled,1
woe,18
moan,5
vanished,2
grieve,3
grievances,1
foregone,2
heavily,2
sad,25
account,4
forebemoaned,1
while,18
friend,46
losses,2
restored,1
endeared,1
hearts,30
lacking,3
supposed,5
dead,59
reigns,2
holy,22
obsequious,2
tear,5
religious,6
stoln,9
interest,3
appear,16
hidden,2
lie,46
trophies,1
lovers,13
images,1
loved,10
survive,2
wellcontented,1
bones,4
dust,6
resurvey,1
deceased,2
lover,15
bettring,1
outstripped,1
reserve,3
exceeded,2
vouchsafe,2
grown,8
growing,3
dearer,5
birth,8
brought,15
march,4
ranks,3
better,89
equipage,1
died,12
style,7
full,53
glorious,2
morning,11
seen,31
mountain,3
tops,1
sovereign,17
kissing,6
meadows,1
pale,10
streams,1
alchemy,2
anon,9
permit,2
basest,4
ride,5
ugly,3
rack,2
celestial,1
forlorn,1
visage,3
hide,9
stealing,2
unseen,5
west,5
early,4
morn,5
shine,5
triumphant,4
splendour,1
alack,8
region,1
cloud,5
masked,3
whit,2
disdaineth,1
stain,6
staineth,1
didst,24
promise,14
forth,47
cloak,1
base,10
oertake,4
hiding,3
bravry,1
rotten,6
smoke,4
enough,28
dry,6
stormbeaten,1
salve,2
speak,121
heals,1
wound,14
cures,1
physic,6
grief,16
repent,8
loss,17
offenders,3
sorrow,21
weak,12
relief,2
bears,10
offences,4
cross,8
tears,26
pearl,3
sheds,1
ransom,8
deeds,18
grieved,2
roses,8
thorns,5
silver,3
fountains,1
mud,3
eclipses,2
loathsome,1
canker,5
sweetest,8
faults,18
authorizing,1
trespass,2
corrupting,1
salving,1
amiss,6
excusing,1
sins,3
sensual,3
fault,19
bring,60
sense,17
adverse,3
advocate,2
lawful,10
plea,3
commence,1
civil,4
accessary,2
needs,19
thief,9
sourly,2
robs,3
confess,14
twain,7
undivided,1
blots,1
remain,11
help,35
separable,1
spite,7
alter,1
sole,4
steal,17
delight,11
evermore,4
acknowledge,4
lest,19
bewailed,1
guilt,1
kindness,5
name,78
sort,2
report,23
decrepit,1
active,1
lame,5
fortunes,40
dearest,13
comfort,21
whether,15
entitled,1
crowned,5
sit,23
engrafted,1
despised,3
sufficed,1
invent,3
pourst,1
argument,12
excellent,15
vulgar,6
aught,6
perusal,1
whos,8
invention,12
tenth,1
nine,5
rhymers,2
invocate,1
outlive,4
slight,5
curious,3
pain,10
manners,16
ist,22
divided,2
separation,2
deservst,1
absence,9
torment,3
sour,3
leisure,9
entertain,6
teachest,3
praising,5
yea,8
hadst,13
receivest,1
blame,13
usest,1
blamed,2
deceivest,1
wilful,1
taste,8
refusest,1
forgive,6
robbery,2
poverty,5
greater,16
hates,3
known,19
injury,4
lascivious,5
kill,19
spites,2
foes,5
pretty,24
wrongs,5
liberty,9
absent,8
years,14
befits,2
temptation,2
follows,3
won,11
assailed,2
woos,2
prevailed,1
ay,67
mightst,4
seat,4
forbear,11
straying,1
lead,18
riot,1
forced,1
twofold,1
hers,12
tempting,1
said,39
dearly,14
wailing,1
nearly,2
ye,11
because,19
knowst,12
sake,30
suffring,1
approve,4
gain,9
losing,5
found,41
lay,25
heres,16
flattery,5
wink,3
unrespected,2
sleep,24
dreams,4
darkly,2
dark,9
directed,1
shadows,5
clear,8
clearer,2
unseeing,1
imperfect,1
heavy,17
nights,5
dull,15
flesh,17
injurious,3
distance,4
space,9
limits,1
remote,1
matter,42
foot,17
farthest,4
nimble,5
jump,2
sea,33
land,28
soon,20
kills,3
leap,4
large,8
lengths,1
miles,3
water,17
attend,16
receiving,1
elements,5
slow,7
badges,1
purging,1
fire,24
wherever,3
presentabsent,1
swift,10
motion,12
slide,1
quicker,1
embassy,1
sinks,2
down,50
melancholy,16
until,7
lifes,3
composition,4
recured,1
messengers,7
returned,2
assured,4
health,13
recounting,1
told,24
straight,15
divide,5
pictures,2
bar,2
freedom,3
closet,1
pierced,1
crystal,1
defendant,1
says,24
appearance,1
side,17
title,9
impanelled,1
quest,4
tenants,1
verdict,1
determined,1
moiety,3
betwixt,8
league,3
took,15
unto,32
famished,1
sighs,5
smother,2
picture,3
feast,11
banquet,4
bids,5
guest,5
share,4
present,24
move,12
awakes,1
careful,4
trifle,2
truest,2
thrust,2
falsehood,4
wards,1
jewels,4
trifles,3
greatest,18
care,26
prey,6
locked,1
chest,3
feel,11
closure,1
whence,10
thence,13
proves,3
thievish,4
prize,5
defects,2
cast,12
utmost,2
called,4
advised,1
respects,2
strangely,2
pass,16
scarcely,1
greet,6
reasons,10
settled,2
gravity,2
ensconce,1
desert,12
uprear,1
guard,38
allege,1
seek,30
travels,5
teach,7
repose,2
measured,1
beast,8
plods,1
dully,1
weight,11
instinct,1
wretch,3
rider,1
speed,12
spur,3
provoke,2
sometimes,8
anger,5
thrusts,1
answers,4
groan,7
sharp,9
spurring,1
onward,1
offence,11
bearer,1
posting,2
extremity,4
mounted,2
winged,2
horse,27
pace,6
perfectst,1
neigh,1
fiery,4
race,3
jade,1
going,15
went,10
wilfulslow,1
towards,7
run,19
key,2
uplocked,1
survey,4
blunting,1
seldom,6
feasts,4
solemn,7
stones,2
thinly,1
captain,32
carcanet,2
wardrobe,1
robe,3
special,3
instant,7
specialblest,1
unfolding,1
imprisoned,2
worthiness,3
lacked,2
whereof,4
millions,1
strange,41
tend,6
describe,1
adonis,1
poorly,1
imitated,1
helens,4
cheek,21
grecian,2
tires,2
foison,2
external,2
deem,2
odour,3
blooms,1
dye,1
perfumed,2
tincture,1
hang,16
wantonly,1
breath,18
discloses,1
virtue,28
unwooed,1
odours,1
vade,1
distills,1
marble,2
gilded,6
monuments,1
powerful,4
contents,6
unswept,1
stone,7
besmeared,1
sluttish,2
statues,1
overturn,1
broils,1
root,4
masonry,2
mars,12
sword,38
wars,27
quick,16
record,6
alloblivious,1
enmity,2
room,4
ending,1
judgment,14
renew,1
force,13
edge,7
blunter,1
appetite,5
today,17
feeding,8
allayed,1
tomorrow,33
sharpened,1
former,10
fill,10
hungry,4
fulness,1
spirit,24
perpetual,4
dulness,1
interim,2
ocean,7
shore,7
banks,1
blest,6
thrice,6
wished,2
slave,21
services,3
require,3
worldwithoutend,1
watch,14
bitterness,4
bid,30
servant,30
adieu,15
jealous,3
affairs,8
suppose,3
fool,63
thinks,8
god,51
control,3
crave,4
vassal,6
bound,16
suffer,12
beck,2
patience,25
tame,3
sufferance,2
bide,2
accusing,1
charter,4
privilage,1
belong,4
pardon,35
selfdoing,1
wait,6
waiting,2
hell,20
been,69
brains,4
beguiled,1
labouring,3
amis,1
backward,4
five,16
courses,1
character,4
composed,1
wonder,12
mended,1
revolution,2
wits,5
subjects,3
worse,18
admiring,1
waves,2
pebbled,1
hasten,3
goes,16
sequent,3
forwards,1
contend,4
nativity,2
main,8
crawls,1
maturity,1
wherewith,1
crooked,2
confound,7
transfix,1
flourish,20
delves,1
parallels,2
feeds,4
rarities,1
stands,16
mow,1
slumbers,1
broken,8
mock,11
sendst,1
home,52
pry,1
shames,4
idle,10
tenure,1
jealousy,3
awake,3
defeat,3
watchman,1
wake,3
elsewhere,5
near,24
sin,20
possesseth,1
soul,21
remedy,9
grounded,3
define,1
worths,2
surmount,1
indeed,52
beated,1
chopt,2
tanned,1
antiquity,4
contrary,3
selfloving,1
iniquity,1
painting,6
crushed,1
oerworn,1
drained,1
travelled,1
ages,5
steepy,1
hes,41
king,133
vanishing,1
confounding,1
knife,7
cut,18
defaced,1
richproud,1
outworn,2
towers,1
downrased,1
brass,4
advantage,8
kingdom,5
firm,4
soil,3
win,12
watery,1
interchange,1
confounded,1
ruin,3
taught,14
ruminate,1
fears,10
boundless,1
mortality,2
oersways,1
power,42
action,11
flower,7
honey,3
wrackful,1
siege,2
battring,1
rocks,1
impregnable,1
stout,1
gates,4
steel,6
decays,2
fearful,5
meditation,1
spoil,2
miracle,1
ink,5
restful,1
cry,12
beggar,7
born,23
needy,1
trimmed,1
jollity,2
purest,1
faith,44
unhappily,1
forsworn,6
shamefully,1
misplaced,2
rudely,1
strumpeted,2
wrongfully,1
disgraced,1
limping,1
sway,5
disabled,2
tonguetied,4
authority,7
doctorlike,1
simple,12
miscalled,1
simplicity,1
captive,3
infection,3
impiety,1
achieve,1
lace,2
society,4
imitate,1
bankrupt,2
beggared,1
blush,8
lively,3
veins,3
exchequer,1
gains,2
stores,2
bad,17
map,2
lived,5
bastard,5
signs,4
durst,6
inhabit,2
tresses,1
sepulchres,1
shorn,1
fleece,1
gay,4
anothers,4
robbing,1
dress,4
yore,1
mend,14
tongues,12
voice,8
uttering,1
commend,10
accents,1
seeing,7
shown,9
guess,10
measure,13
churls,1
add,6
rank,11
smell,9
weeds,5
matcheth,1
common,22
slanders,1
suspect,5
crow,9
flies,9
slander,5
wooed,1
vice,3
presentst,1
pure,8
unstained,1
passed,3
ambush,3
victor,1
charged,2
tie,6
envy,4
enlarged,1
kingdoms,9
owe,10
mourn,3
surly,1
bell,4
warning,1
fled,7
vile,10
vilest,3
nay,72
line,5
remember,18
thinking,7
perhaps,2
compounded,2
clay,2
wise,18
task,3
recite,1
devise,6
willingly,3
impart,1
untrue,3
shamed,1
yellow,2
few,2
boughs,4
ruined,2
choirs,1
late,19
birds,5
sang,1
seest,5
twilight,1
sunset,1
fadeth,1
seals,1
glowing,1
ashes,2
deathbed,1
expire,2
consumed,2
nourished,1
perceivst,1
arrest,1
bail,4
carry,8
memorial,1
reviewest,1
review,1
consecrate,2
lost,36
dregs,1
coward,7
wretchs,1
contains,1
remains,6
food,16
sweetseasoned,1
showers,3
ground,8
peace,26
strife,5
twixt,6
miser,2
enjoyer,1
doubting,2
filching,1
counting,2
bettered,1
feasting,2
clean,5
starved,1
possessing,2
pursuing,1
pine,5
surfeit,2
gluttoning,1
variation,1
glance,2
aside,37
newfound,1
compounds,2
noted,2
showing,3
proceed,10
always,4
dressing,1
spending,2
already,15
spent,11
telling,2
dial,5
vacant,1
minds,6
imprint,1
learning,4
mouthed,1
graves,1
dials,1
shady,1
stealth,2
progress,2
eternity,4
commit,4
blanks,1
children,8
nursed,1
delivered,2
brain,13
acquaintance,7
offices,1
profit,6
enrich,2
invoked,1
assistance,1
alien,1
got,14
poesy,1
disperse,1
ignorance,5
aloft,3
fly,22
added,2
feathers,3
learneds,1
wing,4
double,5
compile,1
arts,2
graced,1
advance,1
aid,9
decayed,3
sick,13
deserves,5
travail,1
worthier,2
pays,8
stole,3
behaviour,3
afford,2
thank,38
owes,5
faint,3
knowing,12
thereof,1
spends,2
fame,10
humble,8
proudest,1
sail,4
saucy,8
bark,4
inferior,2
broad,3
wilfully,1
shallowest,1
afloat,1
soundless,1
wrecked,1
worthless,2
boat,3
tall,7
building,2
goodly,8
epitaph,2
forgotten,4
immortal,4
yield,12
entombed,1
monument,13
oerread,1
breathers,1
breathes,1
mouths,1
attaint,2
oerlook,1
writers,2
blessing,6
finding,3
limit,3
enforced,1
anew,4
fresher,2
stamp,1
timebettering,1
devised,1
strained,1
rhetoric,2
sympathized,1
truetelling,1
gross,6
cheeks,9
abused,1
saw,33
exceed,2
debt,1
slept,3
extant,1
modern,6
quill,2
silence,5
impute,1
impair,1
mute,3
confine,2
immured,1
example,3
equal,8
grew,7
lean,8
penury,3
writes,6
dignifies,1
story,11
counterpart,1
admired,2
blessings,2
praises,7
comments,2
richly,3
compiled,1
phrase,2
muses,1
filed,1
unlettered,1
clerk,1
amen,5
hymn,1
able,8
affords,3
polished,1
refined,1
hearing,9
praised,4
something,29
hindmost,1
ripe,6
inhearse,1
spirits,12
struck,6
compeers,1
giving,7
astonished,1
affable,1
familiar,3
ghost,1
gulls,1
intelligence,5
victors,1
countenance,7
enfeebled,1
farewell,47
releasing,1
bonds,3
determinate,1
granting,1
riches,2
deserving,3
patent,2
swerving,2
mistaking,1
misprision,2
comes,59
dream,7
waking,3
disposed,1
weakness,5
concealed,1
attainted,1
gainer,1
bending,3
injuries,3
doing,6
vantage,3
doublevantage,1
lameness,1
halt,2
desired,3
strangle,1
walks,3
profane,1
wronk,1
vow,9
debate,3
bent,4
join,8
bow,6
drop,10
afterloss,1
scaped,1
rearward,1
conquered,1
windy,1
rainy,1
morrow,7
linger,1
purposed,1
overthrow,1
petty,6
onset,1
strains,2
compared,1
garments,7
newfangled,2
hawks,2
hounds,1
humour,10
adjunct,2
finds,6
particulars,3
richer,2
prouder,1
horses,6
wretched,10
wretchcd,1
term,3
depends,4
depend,1
vex,3
revolt,6
whats,39
blessedfair,1
supposing,2
deceived,3
altered,2
hatred,1
manys,1
history,2
moods,1
frowns,2
creation,3
decree,1
workings,1
sweetness,2
eves,1
apple,1
hurt,9
unmoved,1
rightly,5
inherit,3
tibey,1
lords,35
owners,2
stewards,1
excellence,2
outbraves,1
dignity,5
turn,25
sourest,3
lilies,1
fester,1
fragrant,1
spot,3
budding,1
enclose,1
sport,19
dispraise,1
naming,2
blesses,1
mansion,2
vices,1
habitation,1
chose,1
veil,1
heed,5
privilege,3
hardest,1
illused,1
wantonness,1
resort,1
finger,9
throned,2
queen,50
esteemed,3
translated,1
deemed,2
lambs,2
stern,4
wolf,1
betray,8
lamb,1
translate,3
gazers,1
fleeting,3
freezings,1
felt,6
decembers,1
everywhere,2
teeming,1
autumn,3
big,4
wanton,3
burden,9
widowed,1
wombs,1
abundant,1
seemed,3
orphans,1
unfathered,2
fruit,5
pleasures,2
cheer,12
dreading,1
proudpied,1
dressed,1
trim,2
saturn,1
laughed,2
leaped,1
lays,8
different,1
lap,2
lilys,1
vermilion,1
figures,2
forward,7
smells,1
purple,2
soft,12
dwells,2
grossly,4
dyed,2
lily,1
condemned,1
marjoram,1
hair,17
fearfully,1
blushing,2
despair,6
third,15
red,7
annexed,1
theft,2
growth,6
vengeful,1
colour,21
forgetst,1
spendst,1
fury,4
darkening,1
forgetful,1
redeem,2
idly,1
esteem,5
rise,7
resty,1
wrinkle,1
graven,1
satire,1
spoils,1
faster,3
preventst,1
truant,2
amends,2
neglect,4
dignified,2
intermixed,1
fort,9
office,15
strengthened,1
merchandized,1
esteeming,1
publish,2
wont,3
philomel,1
front,4
stops,1
pipe,1
pleasant,1
mournful,1
hush,6
wild,8
burthens,1
bough,1
appears,5
overgoes,1
dulling,1
sinful,5
striving,1
mar,6
verses,9
gifts,6
eyed,1
seems,14
three,34
forests,1
shook,4
springs,1
turned,2
process,3
perfumes,2
junes,1
burned,1
figure,4
perceived,1
unbred,1
idolatry,1
idol,1
alike,8
songs,3
wondrous,5
constancy,4
confined,3
expressing,1
difference,6
varying,3
themes,1
chronicle,2
wasted,2
descriptions,1
wights,1
beautiful,1
ladies,10
knights,1
blazon,1
lip,6
prophecies,1
prefiguring,1
looked,2
divining,1
prophetic,1
dreaming,1
forfeit,4
eclipse,1
endured,1
augurs,1
presage,1
incertainties,1
crown,12
proclaims,2
olives,2
endless,2
drops,5
balmy,1
subscribes,1
insults,1
tribes,1
crests,1
tombs,1
figured,1
register,2
boy,25
prayers,10
divine,6
hallowed,1
weighs,3
necessary,3
aye,1
bred,7
qualify,1
easy,9
ranged,1
just,16
exchanged,1
reigned,1
frailties,3
kinds,1
preposterously,1
stained,1
universe,1
alas,14
motley,7
gored,1
sold,8
cheap,2
affections,5
askance,1
blenches,1
essays,1
proved,3
grind,2
newer,2
proof,5
older,1
guilty,6
goddess,7
harmful,1
breeds,3
receives,3
brand,5
subdued,1
dyers,1
renewed,1
patient,7
drink,19
potions,2
eisel,1
bitter,10
penance,1
correct,1
correction,1
assure,6
cure,12
impression,2
scandal,1
stamped,1
oergreen,1
strive,8
steeled,1
changes,2
profound,2
abysm,2
throw,11
voices,2
adders,1
critic,1
flatterer,1
stopped,1
dispense,2
besides,13
governs,1
function,2
partly,4
effectually,1
delivers,3
bird,3
latch,1
objects,3
vision,1
catch,11
rudst,1
gentlest,1
deformedst,1
creature,12
dove,2
shapes,1
feature,3
incapable,1
maketh,1
monarchs,1
plague,6
saith,1
monsters,2
indigest,1
cherubins,1
resemble,1
creating,2
beams,4
assemble,2
kingly,3
drinks,2
gust,1
greeing,1
palate,3
cup,7
poisoned,2
lesser,4
begin,16
knew,24
reason,28
afterwards,2
reckoning,2
millioned,1
accidents,3
creep,2
vows,9
decrees,3
tan,1
sharpst,1
intents,8
divert,1
altring,1
fearing,4
tyranny,2
incertainty,1
crowning,1
marriage,17
admit,3
impediments,2
alters,2
bends,2
remover,1
everfixed,1
tempests,2
shaken,2
wandring,1
unknown,8
taken,16
rosy,1
lips,22
sickles,1
compass,2
weeks,1
error,3
accuse,5
scanted,2
repay,1
whereto,3
frequent,1
dearpurchased,1
hoisted,1
transport,1
wilfulness,1
surmise,1
accumulate,1
level,5
shoot,2
wakened,1
appeal,2
eager,1
urge,5
prevent,1
maladies,2
sicken,2
shun,3
sickness,6
purge,2
neercloying,1
sauces,1
welfare,1
meetness,1
diseased,1
needing,1
policy,6
t,21
anticipate,1
ills,4
medicine,4
healthful,5
goodness,9
cured,3
lesson,1
drugs,2
poison,9
feil,1
drunk,6
siren,2
limbecks,1
foul,21
applying,2
hopes,5
committed,1
spheres,3
fitted,1
distraction,2
madding,2
fever,3
built,3
rebuked,1
unkind,5
befriends,1
transgression,1
nerves,2
hammered,1
unkindness,5
yhave,3
weigh,6
suffered,1
deepest,1
hard,19
hits,3
tendered,1
wounded,6
fits,7
becomes,14
ransoms,1
reproach,1
feeling,2
adulterate,2
salutation,2
sportive,3
frailer,1
spies,2
wills,2
abuses,3
reckon,1
bevel,1
maintain,1
badness,1
tables,2
charactered,1
lasting,1
beyond,3
faculty,1
subsist,1
oblivion,5
missed,1
retention,1
tallies,1
score,4
bold,7
import,4
forgetfulness,1
pyramids,1
novel,1
dressings,1
dates,1
admire,1
foist,1
rather,40
heard,35
registers,1
defy,2
wondring,2
records,1
continual,1
gathered,1
builded,2
accident,1
suffers,1
smiling,3
pomp,4
falls,6
blow,13
thralled,1
discontent,2
inviting,1
heretic,1
leases,1
shortnumbered,1
hugely,2
politic,5
drowns,1
fools,15
weret,3
bore,3
extern,1
honouring,1
laid,13
bases,1
ruining,1
dwellers,1
paying,1
rent,1
compound,1
forgoing,1
savour,1
pitiful,3
thrivers,1
gazing,4
oblation,1
mixed,1
seconds,1
render,6
suborned,1
informer,1
impeached,1
fickle,2
waning,1
showst,1
withering,1
over,12
wrack,1
goest,3
onwards,1
minion,3
detain,5
delayed,1
answered,2
quietus,1
counted,1
successive,1
slandered,1
fairing,1
borrowed,2
bower,1
profaned,2
raven,1
suited,2
mourners,2
slandering,1
becoming,2
playst,1
wood,6
fingers,3
gently,4
swayst,1
wiry,1
jacks,2
kiss,23
harvest,3
reap,3
woods,2
boldness,3
tickled,1
situation,1
dancing,3
chips,1
walk,7
gait,3
lust,10
perjured,3
savage,4
extreme,3
enjoyed,1
sooner,12
hunted,2
hated,5
swallowed,1
bait,2
taker,1
mad,22
pursuit,4
bliss,3
proposed,1
coral,1
snow,3
breasts,1
dun,1
hairs,4
wires,2
damasked,1
reeks,1
sound,16
treads,1
belied,2
tyrannous,1
proudly,1
doting,3
err,3
swear,24
groans,3
neck,11
judgments,6
proceeds,2
pitying,1
disdain,7
ruth,1
grey,2
east,5
ushers,1
sober,4
mourning,2
become,13
beseem,1
suit,11
herself,14
beshrew,2
slavery,1
sweetst,1
harder,1
engrossed,1
forsaken,1
threefold,1
crossed,1
prison,3
ward,2
whoeer,1
rigour,1
gaol,1
perforce,4
confessed,1
mortgaged,1
restore,1
covetous,1
learned,8
suretylike,1
bond,5
fist,1
bind,5
statute,2
putst,1
sue,4
came,24
debtor,4
whole,18
whoever,4
boot,4
overplus,3
spacious,3
acceptance,1
addeth,1
beseechers,1
admitted,4
lovesuit,1
fulfil,2
receipt,3
reckoned,1
untold,1
overpartial,1
anchored,1
bay,4
forged,1
hooks,1
tied,2
several,5
plot,4
erred,1
transferred,1
swears,5
untutored,1
unlearned,2
subtleties,1
vainly,3
simply,5
credit,10
falsespeaking,1
sides,6
suppressed,1
unjust,3
habit,3
flattered,1
justify,1
slay,2
needst,1
oerpressed,1
dart,1
outright,1
rid,2
press,2
manner,9
pitywanting,1
testy,1
news,23
physicians,5
madness,5
illwresting,1
slanderers,1
ears,14
believed,2
despise,3
pleased,1
dote,4
cars,1
tune,6
delighted,1
prone,1
invited,4
senses,2
dissuade,6
foolish,9
unswayed,1
likeness,1
awards,1
merits,3
reproving,1
scarlet,1
ornaments,1
sealed,1
robbed,1
beds,3
revenues,2
rents,1
woo,14
importune,2
deserve,6
pitied,5
selfexample,1
denied,10
huswife,2
runs,5
feathered,1
broke,7
dispatch,14
neglected,3
chase,5
busy,2
follow,28
prizing,1
infants,1
runst,2
afar,5
pray,82
loud,8
crying,3
angel,7
worser,3
coloured,1
female,4
tempteth,1
saint,7
devil,11
wooing,5
purity,2
fiend,2
doubt,6
breathed,1
languished,1
woeful,3
mercy,10
chiding,4
followed,7
flown,2
threw,5
saved,3
saying,5
centre,1
rebel,3
powers,4
array,3
dearth,2
costly,1
inheritors,1
excess,2
charge,26
servants,8
aggravate,1
buy,16
terms,6
selling,1
dross,2
fed,3
feed,14
theres,47
dying,8
longing,4
nurseth,1
disease,2
preserve,4
uncertain,2
sickly,3
physician,3
angry,6
prescriptions,2
desperate,6
except,2
franticmad,1
unrest,1
discourse,4
random,2
sworn,11
correspondence,1
censures,1
falsely,2
aright,1
denote,1
vexed,1
watching,1
marvel,5
mistake,4
sees,4
clears,1
keepst,2
wellseeing,1
partake,2
alltyrant,1
hateth,1
frownst,1
fawn,2
lourst,1
revenge,4
worship,7
commanded,4
insufficiency,1
brightness,1
refuse,4
warrantise,1
exceeds,2
abhor,4
unworthiness,2
raised,1
conscience,3
cheater,1
betraying,1
nobler,6
treason,3
stays,7
rising,1
drudge,3
swearing,5
act,49
bedvow,1
torn,2
vowing,1
oaths,15
twenty,13
misuse,1
honest,29
enlighten,1
blindness,2
cupid,5
asleep,3
maid,27
dians,1
lovekindling,1
quickly,13
steep,1
valleyfountain,1
endure,8
seeting,1
bath,4
newfired,1
trial,5
touch,12
withal,23
thither,10
hied,1
distempered,2
lovegod,1
lying,3
heartinflaming,1
nymphs,1
vowed,1
chaste,4
tripping,1
votary,1
legions,5
warmed,1
sleeping,5
virgin,8
disarmed,1
quenched,1
cool,4
discased,1
thrall,1
heats,1
cools,1
alls,8
ends,9
dramatis,4
personae,4
france,22
duke,108
florence,20
bertram,135
rousillon,28
lafeu,118
parolles,175
follower,1
french,15
steward,10
countess,100
lavache,2
clown,83
helena,125
gentlewoman,10
diana,61
daughter,36
violenta,2
neighbour,5
mariana,7
soldiers,27
florentine,9
scene,100
paris,11
marseilles,4
counts,14
palace,34
enter,219
delivering,1
bury,3
madam,99
fathers,24
majestys,5
command,19
subjection,1
sir,299
generally,3
necessity,4
stir,5
wanted,2
amendment,1
abandond,2
practices,2
persecuted,1
passage,2
tiswhose,1
honesty,18
stretchd,2
calld,22
famous,3
profession,3
gerard,3
de,9
narbon,3
lately,4
spoke,22
admiringly,2
mourningly,1
skilful,1
livd,10
languishes,1
fistula,1
notorious,2
bequeathed,4
overlooking,1
promises,7
dispositions,1
inherits,1
unclean,3
carries,6
qualities,5
commendations,3
pitythey,1
virtues,8
traitors,5
simpleness,1
derives,1
achieves,1
brine,2
season,5
approaches,5
livelihood,1
affect,2
moderate,1
lamentation,1
excessive,1
enemy,12
wishes,11
understand,15
succeed,1
empire,8
birthright,1
checkd,1
taxd,3
speech,11
furnish,2
unseasond,1
courtier,9
advise,4
bless,12
exit,87
forgd,1
comfortable,2
lady,44
exeunt,115
shed,2
imagination,1
int,17
bertrams,1
undone,8
twere,7
wed,10
radiance,1
collateral,1
comforted,2
sphere,4
ambition,5
itself,31
hind,3
mated,2
lion,4
twas,15
arched,1
brows,3
hawking,2
tableheart,1
capable,3
trick,4
idolatrous,1
fancy,10
sanctify,2
relics,2
liar,4
solely,1
fixd,3
evils,5
fit,9
steely,1
bleak,2
superfluous,2
monarch,3
meditating,1
virginity,19
soldier,106
ask,24
barricado,1
assails,1
valiant,10
unfold,1
warlike,4
resistance,1
setting,2
undermine,1
underminers,1
blowersup,1
military,1
virgins,3
blown,5
quicklier,1
marry,56
blowing,1
yourselves,4
city,9
commonwealth,1
rational,1
metal,2
companion,6
witht,4
rule,4
infallible,1
disobedience,1
hangs,5
murders,1
highways,1
sanctified,3
offendress,1
mites,1
cheese,1
consumes,1
paring,1
stomach,8
peevish,2
inhibited,1
canon,1
byt,3
principal,3
liking,5
likes,2
commodity,1
gloss,1
vendible,1
wears,5
cap,6
unsuitable,1
brooch,1
toothpick,1
pie,1
porridge,2
witherd,4
pears,1
eats,3
drily,1
pear,2
formerly,2
anything,8
guide,1
counsellor,1
traitress,1
humility,3
jarring,1
discord,3
dulcet,2
disaster,5
adoptious,1
christendoms,1
blinking,1
gossips,1
courts,1
learningplace,1
poorer,3
baser,3
shut,5
effects,3
returns,1
monsieur,23
helen,14
court,39
charitable,1
especially,4
predominant,1
retrograde,1
running,2
proposes,1
safety,6
valour,8
business,31
acutely,1
instruction,3
serve,32
naturalize,1
courtiers,7
counsel,9
advice,4
unthankfulness,1
uses,4
ourselves,22
ascribe,1
fated,2
pull,2
designs,2
mounts,2
mightiest,1
native,7
impossible,4
attempts,1
pains,11
strove,1
miss,2
diseasemy,1
cornets,2
divers,4
attendants,17
florentines,2
senoys,1
fought,8
continue,2
braving,1
reported,5
credible,1
certainty,3
vouchd,1
cousin,14
austria,1
caution,1
speedy,1
prejudicates,1
denial,1
approvd,2
amplest,1
credence,2
armd,5
gentlemen,10
mean,29
tuscan,2
nursery,1
gentry,1
breathing,2
exploit,3
composd,2
moral,2
corporal,1
soundness,1
myself,52
friendship,5
soldiership,5
discipled,1
bravest,3
lasted,1
haggish,1
wore,6
repairs,1
talk,14
observe,4
jest,10
unnoted,1
levity,3
contempt,6
sharpness,2
awakd,3
minute,8
exception,1
obeyd,2
usd,4
bowd,1
eminent,1
humbled,2
younger,9
demonstrate,1
goers,1
approof,3
royal,16
plausive,2
scatterd,1
grafted,1
began,3
catastrophe,1
heel,3
pastime,2
outlet,1
quoth,22
lacks,4
oil,2
snuff,1
apprehensive,1
mere,8
constancies,1
fashions,1
wishd,3
wax,1
dissolved,1
hive,1
labourers,1
youre,1
knowt,3
famd,1
six,9
months,5
armthe,1
worn,6
applications,1
sons,9
calendar,1
endeavours,2
modesty,6
clearness,1
deservings,1
knave,39
sirrah,14
complaints,1
slowness,1
ability,1
knaveries,1
fellow,28
damnd,7
ladyships,2
isbel,2
beg,11
isbels,3
heritage,1
bames,1
requires,5
driven,2
drives,4
worships,3
wicked,5
wickedness,3
wifes,3
yare,11
shallow,8
madamin,1
knaves,4
aweary,2
spares,1
team,1
crop,2
cuckold,4
comforts,4
cherisher,1
cherishes,1
ergo,1
kisses,8
charbon,1
puritan,2
poysam,1
papist,1
howsomeer,1
severd,3
religion,3
heads,5
jowl,1
horns,9
deer,7
foulmouthd,1
calumnious,1
prophet,1
ballad,4
repeat,1
destiny,3
cuckoo,2
grecians,1
sacked,1
troy,1
priams,1
sighed,2
stood,13
sentence,5
purifying,1
tithewoman,1
parson,1
blazing,1
earthquake,1
twould,6
lottery,2
youll,20
surplice,1
gown,1
forsooth,3
hither,33
entirely,2
bequeathd,1
lawfully,1
owing,1
shell,4
demand,13
communicate,2
touchd,7
stranger,3
estates,2
extend,3
knight,5
surprisd,2
rescue,2
assault,2
afterward,2
deliverd,2
eer,5
exclaim,1
speedily,2
acquaint,5
sithence,1
happen,1
concerns,2
dischargd,2
honestly,1
yourself,34
likelihoods,1
informd,4
tottring,1
balance,2
misdoubt,3
stall,2
ours,9
thorn,1
impressd,1
remembrances,1
ont,9
honourable,13
methought,3
serpent,4
start,4
catalogue,1
enwombed,1
adoption,1
strives,2
choice,7
slip,2
foreign,1
seeds,1
oppressd,3
gods,49
curd,4
messenger,73
manycolourd,1
iris,1
rounds,1
brother,68
honoured,2
parents,2
noble,54
sister,40
cant,1
yes,27
daughterinlaw,3
shield,3
pulse,1
catchd,1
fondness,1
mystry,1
loneliness,1
salt,4
ashamd,2
proclamation,1
behaviours,1
hellish,1
obstinacy,1
suspected,2
clew,1
forsweart,1
howeer,4
avail,1
disclose,1
affection,7
passions,2
appeachd,1
knee,2
sos,1
offended,6
hurts,3
lovd,25
token,5
presumptuous,1
vain,4
captious,1
intenible,1
sieve,1
pour,5
waters,3
indianlike,1
worshipper,1
encounter,6
aged,1
cites,1
chastely,2
dian,4
seeks,6
search,5
implies,1
riddlelike,1
intentspeak,1
provd,3
manifest,1
experience,9
collected,1
sovereignty,1
willd,1
heedfullst,1
reservation,2
notes,1
faculties,1
inclusive,1
amongst,3
languishings,1
renderd,1
motive,3
conversation,2
schools,1
embowelld,1
doctrine,2
danger,11
greatst,2
luckiest,1
success,9
id,6
venture,2
welllost,1
believet,2
knowingly,1
greetings,3
attempt,5
ii,17
taking,5
principles,1
stretch,3
receivd,5
wellentred,1
malady,2
frenchmen,2
higher,6
italy,8
bated,1
monarchysee,1
questant,1
shrinks,1
aloud,2
bidding,5
girls,4
language,5
beware,4
captives,1
warnings,1
retires,2
attended,3
spark,1
admirable,1
coil,2
bravely,6
forehorse,1
smock,2
creaking,1
shoes,2
bought,7
dance,4
parting,3
torturd,1
heroes,1
kin,1
sparks,1
lustrous,1
metals,1
regiment,3
spinii,1
spurio,2
cicatrice,2
emblem,1
sinister,1
entrenchd,1
reports,7
novices,1
reenter,18
restraind,1
expressive,1
muster,1
dilated,1
fellows,9
sinewy,2
swordmen,1
kneeling,1
tidings,8
kneeld,3
pate,7
askd,6
across,2
infirmity,1
grapes,4
fox,3
reach,1
quicken,2
rock,3
canary,1
spritely,1
araise,1
pepin,1
charlemain,1
ins,6
loveline,1
doctor,1
arrivd,1
seriously,2
deliverance,2
sex,5
amazd,2
laugh,12
admiration,1
tookst,1
prologues,2
ways,13
wings,3
traitor,4
cressids,1
uncle,10
fare,20
profess,3
spare,6
ons,3
receipts,1
chiefly,2
practice,3
bade,4
triple,2
safer,1
malignant,1
appliance,1
humbleness,2
credulous,1
doctors,1
congregated,1
concluded,2
inaidable,1
estatei,1
prostitute,1
pastcure,1
empirics,1
dissever,1
senseless,2
enforce,5
humbly,6
entreating,1
modest,5
grateful,1
thoughtst,1
peril,6
finisher,1
weakest,1
minister,4
babes,4
judges,1
floods,1
dried,2
miracles,2
expectation,2
coldest,1
proffers,1
reward,3
inspired,1
barrd,1
square,5
presumption,1
experiment,1
impostor,1
proclaim,3
aim,5
confident,1
hopst,1
lending,1
torcher,1
diurnal,1
ring,34
murk,1
occidental,1
damp,2
moist,2
hesperus,1
quenchd,1
sleepy,1
lamp,3
pilots,1
infirm,1
confidence,1
darst,4
impudence,1
strumpets,3
divulged,1
traducd,2
odious,2
ballads,1
maidens,2
seard,1
ne,1
worstextended,1
ended,5
organ,1
impossibility,2
saves,2
rate,5
courage,6
happiness,6
hazard,3
intimate,1
infinite,7
monstrous,6
practiser,1
ministers,3
flinch,1
property,4
unpitied,2
deservd,9
helping,2
sceptre,2
exempted,1
arrogance,1
propagate,1
branch,2
premises,1
observd,1
performance,2
servd,9
resolvd,3
rely,2
camst,2
tended,2
unquestiond,1
undoubted,1
ho,21
deed,12
match,9
breeding,5
highly,1
lowly,1
lent,5
easily,3
leg,4
offs,1
precisely,1
bountiful,2
questions,5
barbers,1
chair,1
buttocksthe,1
pin,2
buttock,4
quatch,1
brawn,1
groats,1
taffety,1
punk,1
tibs,1
rush,4
toms,1
forefinger,1
pancake,1
shrove,1
tuesday,1
morris,1
mayday,1
nail,1
hole,1
horn,6
scolding,1
quean,1
wrangling,3
nuns,1
friars,1
mouth,12
pudding,1
skin,4
beneath,3
constable,1
demands,2
tot,13
harm,5
hoping,1
wiser,6
sirtheres,1
putting,1
sirthick,1
thick,4
homely,3
meat,11
sirnay,1
warrant,12
whippd,2
sirspare,1
whipping,3
housewife,2
merrily,3
sirwhy,1
theret,1
serves,5
kinsmen,1
commendation,2
employment,1
fruitfully,1
legs,3
philosophical,1
persons,3
supernatural,1
causeless,1
terrors,1
ensconcing,1
submit,2
rarest,1
shot,3
latter,3
relinquishd,1
artists,1
sayboth,1
galen,1
paracelsus,1
authentic,1
incurable,1
helpd,1
assurd,2
novelty,1
whatdoyecallt,1
dolphin,1
lustier,1
tedious,4
facinerious,1
debile,1
transcendence,1
recovry,1
thankful,5
lustig,1
dutchman,1
tooth,2
coranto,1
mort,1
du,1
vinaigre,1
attendant,5
preserver,1
patients,1
banishd,8
repeald,1
confirmation,1
promisd,6
attends,2
parcel,3
bachelors,1
bestowing,2
election,1
curtal,2
furniture,1
boys,20
peruse,2
restord,3
wealthiest,1
protest,6
blushes,3
whisper,2
refused,1
shuns,2
altar,1
imperial,1
stream,7
amesace,1
flames,1
threatningly,1
replies,2
whipt,10
turk,2
eunuchs,2
afraid,3
ice,2
theyll,8
bastards,1
english,3
em,8
fourth,4
grape,3
winebut,1
ass,11
fourteen,1
guiding,1
shes,19
liege,10
beseech,17
highness,14
raisd,2
raising,1
disdainst,1
build,1
bloods,2
pourd,2
distinction,4
differences,1
mighty,5
virtuoussave,1
dislikst,2
daughterthou,1
lowest,1
doers,2
additions,1
swells,2
dropsied,1
vileness,1
immediate,4
honours,9
challenges,1
acts,5
foregoers,1
debauchd,2
trophy,1
honourd,3
create,2
dower,3
wrongst,1
im,1
stake,1
scornful,2
unworthy,7
shackle,1
poising,1
scale,1
beam,1
plant,2
obey,9
travails,1
presently,11
obedient,3
claims,5
staggers,1
careless,3
lapse,1
loosing,1
justice,8
dole,2
ennobled,1
counterpoise,1
estate,4
smile,4
expedient,1
nowborn,1
performd,3
tonight,19
expecting,1
commenting,2
wedding,5
recantation,2
understood,3
satisfy,4
ordinaries,1
tolerable,1
vent,2
scarfs,2
bannerets,1
manifoldly,1
believing,1
vessel,4
thourt,1
scarce,10
plunge,1
iflord,1
hen,2
window,4
lattice,1
casement,4
egregious,1
indignity,1
evry,2
dram,1
bate,1
scruple,1
evn,5
smack,2
scarf,4
beaten,10
bondage,3
default,2
insupportable,1
vexation,1
scurvy,3
filthy,2
fettering,1
beat,16
convenience,2
masters,10
unfeignedly,1
lordship,15
garter,1
arms,7
hose,7
sleeves,1
lower,3
nose,9
methinkst,1
wast,14
undeserved,1
picking,1
kernel,1
pomegranate,1
vagabond,2
traveller,4
personages,1
commission,2
heraldry,1
conceald,2
awhile,7
forfeited,2
cares,4
sweetheart,2
priest,6
doghole,1
tread,2
hugs,1
kickywicky,1
manly,2
marrow,1
sustain,3
curvet,1
marss,1
steed,2
regions,1
stable,1
jades,2
italian,2
fields,2
strike,12
detested,1
capriccio,1
chamber,5
balls,2
noise,10
marrd,2
greets,1
kindly,7
merry,21
wants,5
ail,1
whither,15
fortunate,2
shakes,2
undoing,2
thart,7
witty,2
profitable,1
laughter,3
serious,4
prerogative,1
compelld,2
restraint,3
delay,5
strewd,2
distil,1
curbed,1
oerflow,1
brim,2
proceeding,2
strengthned,1
apology,1
probable,4
commands,4
obtaind,1
everything,5
warranted,1
testimony,2
bunting,1
accordingly,3
sinnd,1
transgressd,1
dangerous,3
pursue,3
amity,4
tailor,2
workman,2
casketed,1
order,5
bride,1
dinner,20
threethirds,1
nothings,1
between,32
displeasure,9
shift,3
boots,1
spurs,3
leapt,1
custard,1
residence,1
mistaken,1
ats,2
kernal,1
nut,4
clothes,3
consequence,1
spoken,8
clog,1
procurd,1
desires,10
ministration,1
required,1
prepard,8
unsettled,1
entreat,10
appointments,1
twill,10
observance,5
eke,2
faild,2
hie,6
timorous,1
fain,7
vouch,1
strangers,4
sunder,1
drum,23
flight,4
coragio,1
iii,19
dukes,17
troop,3
fundamental,1
decision,1
thirsts,1
quarrel,8
opposer,1
borrowing,1
council,3
frames,1
selfunable,1
incertain,1
grounds,2
fail,7
guessd,1
ease,3
settle,2
places,4
avails,1
happend,1
along,14
troth,9
ruff,1
pick,2
manor,1
opening,2
ling,2
country,15
cupids,2
knockd,2
een,7
reads,8
sent,30
recovered,4
wedded,2
bedded,1
breadth,3
unfortunate,2
rash,2
unbridled,1
favours,2
indignation,1
misprizing,1
yonder,8
killd,4
standing,2
getting,4
gentleman,38
quirks,1
met,22
thitherward,1
bend,3
passport,1
begotten,1
dreadful,1
prithee,33
engrossest,1
robbst,1
wash,6
swiftest,1
consenting,2
hourly,3
tainted,2
corrupts,1
wellderived,1
inducement,1
deal,5
loses,3
worthiest,3
courtesies,2
expose,1
event,1
nonsparing,1
drive,3
smoky,1
muskets,1
leaden,1
violent,1
stillpiecing,1
piercing,1
shoots,3
caitiff,1
effected,4
ravin,1
roard,1
constraint,3
hunger,2
miseries,1
wins,1
scar,5
paradise,1
fan,2
angels,1
officd,1
rumour,2
consolate,1
trumpets,10
promising,2
prosperous,2
helm,3
auspicious,1
hater,1
jaques,85
pilgrim,7
ambitious,3
barefoot,1
plod,1
sainted,1
amended,1
fervour,1
labours,1
despiteful,3
juno,2
courtly,2
camping,1
dogs,2
heels,8
embrace,3
stings,2
mildest,1
rinaldo,2
letting,1
diverted,2
prevented,4
overnight,1
taen,7
reprieve,1
wrath,3
sharply,1
convenient,2
led,10
tucket,2
citizens,3
approach,10
commander,1
slew,1
labour,11
hark,9
suffice,2
earl,2
solicited,1
officer,6
suggestions,1
enticements,1
tokens,2
engines,1
seduced,1
misery,4
terrible,3
wreck,1
maidenhood,1
limed,1
twigs,2
threatens,1
le,24
grand,4
palmers,1
lodge,2
francis,1
port,4
tarry,2
troops,4
conduct,3
lodgd,1
hostess,2
ample,2
countryman,3
hears,2
nobly,5
someer,1
surely,2
coarsely,1
repeated,1
reserved,1
examind,1
detesting,1
wheresoeer,3
shrewd,4
pleasd,9
amorous,5
solicits,1
unlawful,3
brokes,1
honestest,1
colours,1
army,17
antonio,1
eldest,4
escalus,1
frenchman,3
plume,1
gallant,7
honester,1
goodlier,1
handsome,2
yonds,1
rascal,2
jackanapes,1
perchance,5
battle,7
shrewdly,2
vexd,1
spied,1
courtesy,4
ringcarrier,1
host,6
enjoind,1
penitents,1
matron,1
thanking,1
requite,2
precepts,1
offer,10
camp,18
bubble,2
direct,6
malice,4
kinsman,1
notable,1
promisebreaker,1
owner,2
lordships,2
reposing,1
trusty,2
fetch,16
confidently,2
undertake,5
suddenly,5
surprise,1
hoodwink,1
carried,5
leaguer,1
adversaries,1
tents,1
examination,1
highest,2
compulsion,1
deliver,4
oath,8
stratagem,3
bottom,4
lump,1
ore,1
melted,1
john,1
drums,8
inclining,1
hinder,2
design,2
sticks,3
sorely,2
disposition,9
pox,3
rend,2
blamd,1
caesar,255
greatly,3
condemn,3
dishonour,3
attributed,1
performer,1
hic,1
jacet,1
mystery,2
instrument,4
quarter,3
magnanimous,1
enterprise,3
greatness,8
syllable,1
slumber,2
evening,3
dilemmas,1
encourage,2
preparation,4
subscribe,3
fish,7
damns,1
dares,3
escape,2
discoveries,1
address,1
clap,2
embossd,2
smokd,1
disguise,3
parted,6
sprat,1
caught,4
ast,2
lass,3
coxcomb,2
resend,1
falln,8
businesses,2
staining,1
borrow,5
showd,4
approves,2
purse,3
friendly,3
overpay,1
important,1
county,1
downward,1
succeeded,1
descents,1
repented,1
appoints,1
crowns,6
passd,2
yielded,4
instruct,2
persever,4
deceit,2
coherent,1
musics,1
sorts,2
steads,1
eaves,1
persists,1
assay,1
meaning,8
fact,1
colleg,1
e,1
iv,14
hedgecorner,1
sally,1
interpreter,5
linseywoolsey,1
band,6
adversarys,1
neighbouring,1
languages,1
choughs,1
gabble,1
couch,2
forges,1
oclock,8
disgraces,2
door,14
foolhardy,1
daring,1
recovery,2
ignorant,4
ones,8
butterwomans,1
bajazets,1
mule,1
prattle,1
perils,1
possible,6
cutting,1
breaking,9
spanish,1
baring,1
strippd,2
hardly,4
swore,5
leapd,1
citadel,2
thirty,3
fathom,2
enemys,3
recoverd,2
alarum,6
throca,1
movousus,1
cargo,7
villianda,1
par,1
corbo,1
blindfold,1
boskos,3
thromuldo,1
muskos,1
german,1
dane,1
dutch,1
undo,2
vauvado,1
kerelybonto,1
betake,1
seventeen,3
poniards,1
manka,1
revania,1
dulche,1
oscorbidulchos,1
volivorco,1
hoodwinkd,1
gather,2
inform,5
secrets,2
purposes,6
faithfully,3
damn,2
acordo,1
linta,1
granted,3
guarded,4
woodcock,1
muffled,2
safely,2
lockd,3
fontibell,1
titled,1
othat,1
barely,1
prick,2
vowd,2
highst,1
joves,4
attributes,1
holding,2
unseald,1
opinion,4
holycruel,1
integrity,1
crafts,1
recovers,2
ropes,1
scarre,1
ancestors,3
obloquy,2
chastitys,1
proper,8
champion,1
knock,4
conquerd,5
sat,7
braid,1
thinkt,1
cozen,2
unjustly,1
delivred,1
changd,4
shaking,1
incurred,1
everlasting,1
tund,1
perverted,1
renown,4
fleshes,1
monumental,1
unchaste,1
rebellion,2
merely,7
treasons,2
reveal,1
attain,1
abhorrd,1
contrives,1
nobility,3
oerflows,2
damnable,3
trumpeters,2
company,21
dieted,1
apace,8
anatomizd,2
curiously,1
meddle,1
whip,6
meantime,5
overture,2
altogether,4
pretence,1
undertaking,1
austere,1
sanctimony,1
accomplishd,1
residing,3
tenderness,1
became,4
justified,1
confirmd,1
rector,1
confirmations,1
arming,1
verity,2
heartily,4
mightily,6
acquird,1
encountred,2
web,1
mingled,4
yarn,1
crimes,1
cherishd,2
wheres,12
street,5
offered,1
needful,2
tartness,1
dispatchd,2
sixteen,1
apiece,1
abstract,2
congied,1
nearest,1
mournd,2
returning,1
entertaind,1
convoy,2
parcels,2
nicer,1
difficulty,1
departure,3
hereafter,6
dialogue,1
module,1
deceivd,7
doublemeaning,1
prophesier,1
stocks,5
usurping,3
weeps,2
wench,4
milk,1
confessd,2
morgan,1
supposes,1
friar,1
confession,1
hoodman,1
portotartarossa,1
tortures,1
pinch,5
pasty,1
bosko,1
chimurcho,1
boblibindo,1
chicurmurco,1
merciful,1
unserviceable,1
scattered,1
commanders,1
rogues,3
sacrament,1
pastsaving,1
militaristthat,1
phrasethat,1
theoric,1
knot,4
chape,1
dagger,2
keeping,4
wearing,2
neatly,1
saidi,1
thereabouts,2
con,1
truththe,1
marvellous,1
afoot,1
sebastian,1
corambus,1
guiltian,1
cosmo,1
lodowick,1
gratii,1
chitopher,1
vaumond,1
bentii,1
musterfile,1
amounts,1
fifteen,1
poll,1
cassocks,1
pieces,2
condition,4
dumain,4
expertness,2
wellweighing,1
intergatories,1
singly,1
botchers,1
prentice,1
shrieves,1
childa,1
innocent,4
tile,1
florences,1
lousy,1
pocket,3
sadness,3
tent,3
excellently,1
advertisement,1
allurement,1
ruttish,1
behalf,5
whale,1
devours,1
fry,1
bothsides,1
rogue,2
scores,2
afterdebts,1
mell,1
forehead,5
devoted,1
manifold,1
linguist,1
amnipotent,1
cat,7
generals,3
remainder,2
dungeon,1
anywhere,1
answerd,5
egg,2
cloister,1
rapes,1
ravishments,1
nessus,2
professes,1
hercules,4
volubility,1
drunkenness,1
swinedrunk,1
bedclothes,1
straw,1
description,4
tragediansto,1
belie,1
notand,1
mileend,1
doubling,1
filesi,1
canbut,1
outvillaind,1
villainy,2
rarity,1
redeems,1
price,3
cardecue,2
feesimple,1
salvation,1
inheritance,1
entail,1
remainders,1
perpetually,1
nest,2
excels,1
reputed,1
retreat,2
outruns,1
lackey,2
cramp,2
drumming,1
supposition,2
traitorously,1
discoverd,1
pestiferous,1
headsman,1
unmuffling,1
greeting,4
sonnet,1
compel,2
crushd,1
women,36
impudent,2
nation,2
burst,2
braggart,2
rust,1
safest,3
foold,1
foolry,1
wrongd,4
christian,3
surety,3
throne,4
kneel,6
gratitude,1
flinty,1
tartars,1
duly,1
hies,1
aiding,1
daughters,2
helper,1
trusting,2
cozend,1
defiles,1
pitchy,1
loathes,1
instructions,1
impositions,1
briers,2
waggon,1
revives,1
fines,1
misled,1
snipttaffeta,1
villainous,3
saffron,1
unbakd,1
doughy,1
advancd,1
redtaild,1
humblebee,1
partaken,1
owed,1
rooted,1
sallets,1
herb,2
sweetmarjoram,1
sallet,1
salletherbs,1
noseherbs,1
nebuchadnezzar,1
grass,2
thyselfa,1
bauble,1
prince,6
fisnomy,1
hotter,2
alias,3
talkst,1
woodland,1
narrow,2
chill,1
flowry,1
lookd,9
tricks,6
unhappy,5
sauciness,2
ladys,2
moved,1
minority,1
selfgracious,1
propose,1
conceived,1
fitter,1
ladyship,1
happily,2
post,5
numberd,1
rejoices,1
tal,1
yonders,1
patch,5
velvet,4
pile,1
livry,1
belike,3
carbonadod,1
dozen,1
delicate,3
hats,1
courteous,5
nod,2
exceeding,3
requital,1
unroot,1
goaded,1
occasions,1
nice,3
petition,3
removd,2
unfit,1
thankd,1
inner,1
familiarity,1
muddied,2
mood,3
somewhat,1
speakst,5
henceforth,5
buttring,1
spake,10
metaphor,3
stink,1
foh,1
closestool,1
nobleman,1
pur,1
muskcat,1
fishpond,1
carp,1
ingenious,1
rascally,2
distress,3
similes,2
cruelly,1
scratchd,1
pare,1
nails,3
scratch,3
justices,2
penny,2
hat,4
cox,1
sooth,3
inquire,3
lackd,3
estimation,2
natural,9
blaze,1
oerbears,1
burns,2
forgiven,1
revenges,1
watchd,1
astonish,1
richest,1
scornd,3
reconcild,1
repetition,1
deeper,1
incensing,1
offender,1
reference,3
sunshine,1
hail,6
brightest,1
distracted,1
highrepented,1
blames,1
quickst,1
inaudible,1
noiseless,1
stuck,2
infixing,1
warpd,1
expressd,1
extended,2
proportions,1
praisd,3
excusd,1
compt,1
remorseful,1
slowly,2
sender,1
trivial,2
displeasures,1
destroy,1
shameful,2
sleeps,4
afternoon,1
knell,1
maudlin,1
consents,1
widowers,1
marriageday,1
cesse,1
houses,1
digested,2
sparkle,1
fastend,1
necessitied,1
relieve,3
craft,1
reave,1
stead,1
pleases,4
reckond,2
thrown,6
wrappd,2
containd,1
engagd,2
subscribd,1
fully,3
ceasd,1
satisfaction,1
plutus,1
tinct,2
multiplying,1
medcine,2
science,1
enforcement,2
saints,1
conjectural,1
inhuman,1
deadly,3
close,4
guards,1
seize,3
forepast,1
proofs,2
vanity,1
feard,3
sift,1
husbanded,1
dismal,1
thinkings,1
removes,1
undertook,1
vanquishd,2
thereto,2
suppliant,1
importing,1
verbal,1
concern,3
protestations,1
widower,2
seducer,1
flourishes,1
capilet,2
soninlaw,1
toll,1
discovry,1
suitors,2
afeard,3
foully,1
snatchd,1
sith,1
wives,6
derived,1
ancient,1
complaint,1
embodied,1
marries,2
desprate,1
laughd,5
sink,4
sayst,10
gamester,2
validity,1
parallel,1
commoner,1
preceding,1
gem,2
conferrd,1
testament,3
owd,1
rings,2
loath,4
names,5
quoted,1
perfidious,1
spots,2
sickens,2
utter,4
likd,2
boarded,1
angle,2
eagerness,1
fancys,1
motives,1
subdud,3
marketprice,1
turnd,6
justly,2
diet,2
abed,2
boggle,1
feather,4
starts,2
sirrahbut,1
equivocal,1
naughty,1
orator,2
herfor,1
talkd,2
satan,1
limbo,1
furies,1
motions,2
evidence,2
glove,1
tellst,3
customer,1
jove,9
accusd,1
strumpet,1
jeweller,1
abusd,5
harmd,1
quit,6
defild,1
feels,2
kick,2
riddle,1
exorcist,1
beguiles,1
truer,1
real,1
doubly,1
divorce,2
step,2
onions,1
tom,1
handkercher,3
curtsies,1
beest,3
uncropped,1
keptst,1
resolvedly,1
epilogue,7
omnes,1
tragedy,1
antony,376
cleopatra,261
triumvirs,1
octavius,4
m,1
aemilius,1
lepidus,58
sextus,4
pompeius,4
domitius,3
enobarbus,154
ventidius,13
eros,64
scarus,20
dercetas,10
demetrius,4
philo,4
maecenas,28
agrippa,54
dolabella,39
proculeius,21
thyreus,20
gallus,7
menas,53
pompey,75
menecrates,5
varrius,4
taurus,5
lieutenantgeneral,2
canidius,19
silius,8
ventidiuss,1
euphronius,11
ambassador,3
alexas,34
mardian,19
seleucus,11
diomedes,10
soothsayer,20
egypt,44
octavia,44
charmian,104
iras,43
roman,10
alexandria,25
cleopatras,17
dotage,2
musters,1
glowd,1
plated,1
devotion,1
tawny,1
captains,8
scuffles,1
fights,2
buckles,2
reneges,1
temper,1
bellows,1
gipsys,1
train,9
fanning,1
pillar,1
transformd,3
beggary,1
bourn,1
belovd,2
rome,36
grates,1
fulvia,14
scarcebearded,1
powrful,1
mandate,1
enfranchise,1
performt,1
dismission,1
fulvias,4
caesars,33
egypts,3
blushest,1
homager,1
shrilltongud,2
scolds,1
tiber,1
melt,5
arch,1
rangd,2
dungy,1
nobleness,3
emhracing,1
pair,8
dot,8
punishment,2
weet,1
peerless,1
stirrd,1
conference,2
ambassadors,1
fie,9
admird,3
wander,5
streets,4
people,13
antonius,4
prizd,2
speaks,10
absolute,6
garlands,2
secrecy,1
wine,12
foresee,2
paint,1
prescience,1
attentive,1
beloving,1
liver,2
drinking,3
forenoon,1
herod,4
jewry,4
figs,3
wenches,2
fertile,1
witch,4
sheets,2
privy,2
palm,4
presages,1
chastity,2
oerflowing,1
nilus,5
presageth,1
bedfellow,1
soothsay,1
oily,1
fruitful,2
prognostication,1
workyday,1
inch,3
isis,8
laughing,2
fiftyfold,1
prayer,5
heartbreaking,1
loosewivd,1
uncuckolded,1
decorum,2
whores,1
theyld,1
disposd,5
mirth,6
sudden,8
lucius,1
jointing,1
drave,2
infects,1
teller,1
tale,3
flatterd,2
labienus,1
stiff,2
parthian,3
asia,2
euphrates,1
conquering,2
banner,1
syria,6
lydia,2
ionia,1
mince,1
rail,5
taunt,2
licence,1
earing,1
sicyon,3
egyptian,12
fetters,1
importeth,1
contempts,1
hurl,2
lowring,1
opposite,1
shovd,1
enchanting,2
harms,2
idleness,6
hatch,2
compelling,1
occasion,5
catching,1
instantly,2
mettle,2
celerity,2
finest,1
storms,2
almanacs,1
showr,1
wonderful,6
piece,5
discredited,1
sacrifice,1
pleaseth,2
deities,1
tailors,2
comforting,1
robes,1
lamented,2
crownd,3
consolation,1
petticoat,3
onion,1
broached,1
broachd,1
wholly,1
abode,1
expedience,1
urgent,1
contriving,1
slippery,1
linkd,1
deserver,1
dignities,1
coursers,1
serpents,4
method,2
tempt,1
betrayd,5
planted,1
riotous,1
entangled,1
mouthmade,1
sued,1
staying,1
inches,1
swords,4
equality,1
domestic,1
scrupulous,1
faction,2
newly,2
condemnd,2
creeps,2
thrived,1
threaten,1
quietness,2
safe,7
childishness,2
garboils,2
vials,1
sorrowful,1
quickens,1
slime,3
affects,1
dissembling,2
meetly,1
target,1
mends,1
herculean,1
carriage,2
chafe,1
sweating,1
becomings,1
laurel,1
victory,3
smooth,3
feet,7
abides,1
competitor,2
fishes,3
lamps,1
revel,1
manlike,1
ptolemy,3
womanly,1
vouchsafd,1
partners,2
enow,1
darken,1
blackness,1
hereditary,1
purchasd,1
chooses,1
indulgent,1
tumble,1
tippling,1
reel,1
buffet,2
sweat,5
composure,1
blemish,2
foils,1
lightness,1
filld,2
vacancy,2
voluptuousness,1
surfeits,1
dryness,1
chid,2
mature,1
pawn,1
biddings,1
abroad,2
ports,1
discontents,1
primal,1
ebbd,1
deard,1
flag,1
lackeying,1
tide,2
rot,5
pirates,2
keels,1
inroads,1
borders,1
maritime,1
flush,1
pompeys,5
resisted,1
wassails,1
modena,1
slewst,1
hirtius,1
pansa,1
consuls,1
foughtst,1
daintily,1
savages,1
stale,4
puddle,1
beasts,4
cough,1
deign,1
roughest,1
berry,1
rudest,1
hedge,1
stag,2
pasture,5
barks,4
browsd,1
alps,1
wounds,5
lankd,1
thrives,1
furnishd,3
stirs,1
partaker,1
ha,8
mandragora,1
gap,2
eunuch,6
unseminard,1
freer,1
venus,3
thinkst,4
wotst,1
movst,2
demiatlas,1
arm,12
burgonet,1
murmuring,2
nile,5
delicious,1
phoebus,3
pinches,1
wrinkled,2
broadfronted,1
morsel,2
anchor,1
kissd,2
doubled,2
sends,4
oyster,2
opulent,1
nodded,2
soberly,1
mount,3
armgaunt,1
neighd,1
beastly,2
dumbd,1
extremes,2
welldivided,1
seemd,1
mingle,4
violence,1
metst,1
posts,1
chokd,1
emphasis,1
paragon,1
salad,1
unpeople,1
messina,1
assist,2
justest,1
whiles,6
powrs,1
crescent,1
auguring,1
doors,6
gets,3
flatters,2
silvius,44
charms,1
soften,1
wand,1
witchcraft,1
libertine,2
fuming,1
epicurean,1
cooks,1
sharpen,1
cloyless,1
sauce,3
prorogue,1
lethed,1
dullness,2
surfeiter,1
donnd,1
rear,1
stirring,2
neerlustwearied,1
trespasses,1
warrd,1
movd,2
enmities,1
pregnant,1
entertained,1
cement,2
divisions,1
bet,3
havet,1
strongest,1
jupiter,4
wearer,1
shavet,1
stomaching,1
embers,1
compose,1
parthia,6
combind,1
leaner,1
murder,2
healing,1
earnestly,1
curstness,1
arinies,1
derogately,1
concernd,1
practise,3
practisd,1
intent,1
befall,1
contestation,1
theme,2
drew,4
discredit,1
laying,1
patchd,1
excuses,1
partner,1
graceful,1
fronted,1
snaffle,1
uncurbable,1
impatience,5
shrewdness,1
grieving,1
disquiet,1
wrote,2
rioting,1
taunts,1
gibe,1
missive,1
feasted,1
wipe,1
article,2
talks,3
requird,1
penitent,2
stoop,1
atone,2
worthily,3
wrangle,1
considerate,1
dislike,2
diffring,1
hoop,1
stanch,1
reproof,3
rashness,2
brothers,13
unslipping,1
jealousies,1
dangers,1
tales,2
studied,3
ruminated,1
impediment,1
govern,2
bequeath,2
upons,1
misenum,3
gladness,2
invite,3
sisters,4
stayd,2
eight,3
boars,1
roasted,1
breakfast,1
twelve,3
eagle,1
noting,1
pursd,1
river,2
cydnus,2
appeard,3
reporter,1
devisd,2
barge,2
burnishd,1
burnd,3
poop,1
sails,6
lovesick,1
oars,1
flutes,2
stroke,5
strokes,3
beggard,1
pavilion,1
clothofgold,1
tissue,1
oerpicturing,1
outwork,1
dimpled,1
diverscolourd,1
fans,1
glow,2
undid,1
gentlewomen,1
nereides,1
mermaids,1
adornings,1
mermaid,2
steers,1
silken,1
tackle,1
swell,2
flowersoft,1
yarely,1
invisible,3
perfume,1
adjacent,1
wharfs,1
enthrond,2
marketplace,2
whistling,1
landing,1
supper,2
replied,1
entreated,4
barberd,1
ordinary,3
ploughed,1
croppd,1
hop,1
paces,2
panted,1
breathless,1
powr,2
utterly,1
wither,1
custom,2
variety,1
cloy,1
appetites,1
satisfies,1
priests,1
riggish,1
blemishes,2
daemon,1
courageous,2
unmatchable,1
oerpowrd,1
game,1
beats,2
odds,4
lustre,1
thickens,1
dice,1
sports,2
faints,2
lots,2
speeds,1
cocks,1
quails,1
inhoopd,1
commissions,1
ready,5
receivet,1
conceive,2
shorter,1
moody,1
trade,1
billiards,1
sore,2
playd,4
playing,2
tawnyfinnd,1
bended,1
hook,2
pierce,1
slimy,1
wagerd,1
angling,1
diver,1
fervency,1
ninth,1
mantles,1
philippan,1
ram,3
antonys,9
villain,16
killst,1
bluest,1
lippd,1
trembled,1
illuttering,1
throat,4
tart,1
trumpet,2
snakes,2
formal,2
willt,1
shower,1
pearls,1
allay,1
precedence,1
gaoler,5
malefactor,1
pack,2
infectious,1
pestilence,2
horrible,1
spurn,5
unhair,1
hales,1
wire,1
stewd,1
smarting,1
lingring,1
pickle,1
province,1
draws,1
innocents,1
scape,2
thunderbolt,2
bite,2
meaner,1
message,1
submergd,1
cistern,1
scald,2
narcissus,1
punish,4
unequal,1
merchandise,1
dispraisd,1
inclination,1
gorgon,1
vi,4
marching,2
hostages,1
considered,1
discontented,1
sicily,4
senators,1
factors,2
revengers,1
julius,3
philippi,3
brutus,4
ghosted,1
cassius,2
allhonourd,1
drench,1
capitol,1
rig,1
navy,4
angerd,1
foams,1
scourge,1
ingratitude,3
oercount,2
builds,1
offers,4
embracd,2
larger,2
sardinia,1
measures,4
wheat,1
greed,1
unhackd,1
edges,1
targes,1
undinted,1
blows,9
liberal,1
timelier,1
gained,1
casts,1
agreed,2
seald,2
lot,1
cookery,1
fat,5
meanings,2
apollodorus,1
mattress,1
farst,1
envied,1
plainness,1
aboard,3
galley,2
treaty,1
thieves,2
whatsomeer,1
weept,1
caius,1
marcellus,1
marcus,5
unity,1
prophesy,1
parties,2
strangler,1
dish,4
variance,1
throats,2
actsc,31
vii,4
board,3
plays,5
illrooted,1
highcolourd,1
almsdrink,1
reconciles,1
entreaty,2
raises,1
discretion,2
fellowship,1
lief,4
reed,1
partizan,1
heave,2
holes,1
pitifully,1
sennet,1
sounded,2
scales,1
pyramid,1
lowness,2
ebbs,1
seedsman,1
ooze,1
scatters,1
grain,2
shortly,2
operation,2
crocodile,2
certainly,3
ptolemies,2
pyramises,1
contradiction,1
whispers,2
shapd,1
moves,4
organs,1
nourisheth,1
transmigrates,1
epicure,1
stool,1
rises,1
jolly,3
quicksands,1
pales,1
inclips,1
worldsharers,1
competitors,1
cable,1
theet,1
desist,1
palld,1
offerd,2
ashore,1
pledge,1
wheels,1
reels,1
alexandrian,2
ripens,1
vessels,1
forbeart,1
fouler,1
possess,3
emperor,9
bacchanals,1
celebrate,1
steepd,1
lethe,1
battery,2
volley,1
vine,2
plumpy,1
bacchus,1
pink,1
eyne,2
fats,1
drownd,3
round,9
graver,1
burnt,1
enobarb,1
weaker,3
splits,1
antickd,1
cabin,1
neptune,1
hangd,3
hoo,4
romans,2
pacorus,2
darting,1
crassus,2
revenger,1
orodes,1
fugitive,2
parthians,1
media,2
mesopotamia,1
shelters,1
routed,1
chariots,1
acquire,2
sossius,1
lieutenant,3
accumulation,1
achievd,1
darkens,1
grants,1
signify,1
magical,1
banners,1
wellpaid,1
neeryetbeaten,1
jaded,1
purposeth,1
athens,5
withs,1
sealing,1
troubled,6
adores,1
nonpareil,1
arabian,1
plied,1
scribes,1
bards,1
shards,1
beetle,1
batter,1
fortress,1
distrust,1
cheerful,2
swans,2
inclines,1
cried,5
roaring,1
wept,1
rheum,2
waild,1
outgo,1
wrestle,6
herods,1
dread,2
lowvoicd,1
dwarfish,1
lookdst,1
station,1
statue,1
breather,2
perceivet,1
faultiness,1
brown,3
employ,3
harried,1
defend,1
excusable,1
thousands,1
semblable,1
wagd,2
scandy,1
vented,1
hint,2
tookt,1
division,1
praying,1
prays,2
midway,1
branchless,1
requested,1
betweens,1
raise,2
soonest,1
reconciler,1
cleave,2
solder,1
rift,1
equally,2
meeting,5
rivality,1
resting,1
accuses,1
seizes,1
enlarge,1
chaps,1
walking,1
garden,1
spurns,1
threats,2
murdred,1
navys,1
riggd,1
naught,6
contemning,1
tribunal,1
silverd,1
chairs,1
publicly,1
caesarion,2
stablishment,1
cyprus,1
showplace,1
exercise,1
proclaimd,1
armenia,2
alexander,1
assignd,2
cilicia,1
phoenicia,1
habiliments,1
queasy,1
insolence,1
accusations,1
spoild,1
rated,1
isle,1
shipping,2
unrestord,1
lastly,1
frets,1
triumvirate,1
deposd,1
revenue,3
castaway,1
usher,1
neighs,1
fainted,2
ascended,1
populous,1
marketmaid,1
ostentation,1
unshown,1
unlovd,1
supplying,1
augmented,1
constraind,1
beggd,2
obstruct,1
tween,1
wronged,1
whore,3
levying,1
assembled,1
bocchus,1
libya,1
archelaus,1
cappadocia,1
philadelphos,1
paphlagonia,1
thracian,1
adallas,1
manchus,1
arabia,1
pont,1
mithridates,1
comagene,1
polemon,1
amyntas,1
mede,1
lycaonia,1
sceptres,1
afflict,2
withhold,2
perceivd,1
negligent,2
necessities,2
determind,1
unbewaild,1
adulterous,1
abominations,1
potent,2
trull,1
noises,1
dearst,1
actium,3
forspoke,1
denouncd,1
reply,3
mares,2
puzzle,1
froms,1
spard,1
photinus,1
maids,5
manage,2
president,1
tarentum,1
brundusium,1
ionian,1
toryne,2
rebuke,2
becomd,1
slackness,1
dard,1
wage,1
pharsalia,1
ships,7
mannd,1
mariners,1
muleteers,1
reapers,1
ingrossd,1
impress,1
fleet,4
refusing,2
distract,1
consist,2
warmarkd,1
footmen,1
unexecuted,1
renowned,1
forgo,1
assurance,1
security,1
sixty,2
fullmannd,1
approaching,1
descried,1
nineteen,1
ship,6
thetis,1
planks,1
egyptians,2
phoenicians,1
aducking,1
conquer,5
fighting,1
leaders,1
justeius,1
publicola,1
caelius,1
belief,2
distractions,1
beguild,3
throes,1
viii,2
prescript,1
scroll,1
ix,2
squadrons,1
yon,2
marcheth,1
seafight,2
antoniad,1
admiral,1
rudder,2
seet,3
blasted,2
goddesses,2
synod,2
cantle,1
provinces,1
tokend,1
ribaudred,1
nag,1
leprosy,1
midst,3
twins,3
breese,1
cow,1
june,1
hoists,1
beheld,2
loofd,1
magic,1
claps,1
seawing,1
mallard,1
manhood,1
violate,1
lamentably,1
peloponnesus,1
yielding,1
xi,2
upont,2
lated,1
laden,2
instructed,1
cowards,3
shoulders,5
treasures,1
harbour,2
followd,3
mutiny,2
reprove,1
sweep,2
loathness,1
seaside,1
empress,3
dancer,1
dealt,1
lieutenantry,1
squares,1
unqualitied,1
declind,2
unnoble,1
stroyd,1
knewst,4
strings,1
tow,1
supremacy,1
treaties,1
dodge,1
palter,1
bulk,1
marring,1
conqueror,4
rates,1
repays,1
schoolmaster,3
viands,1
xii,2
pluckd,2
pinion,1
moons,1
morndew,1
myrtle,1
leaf,1
declare,1
salutes,1
lessens,1
requests,1
sues,1
submits,1
craves,1
circle,3
heirs,1
hazarded,2
alldisgraced,1
perform,3
unheard,1
bands,2
perjure,1
neertouchd,1
vestal,1
edict,1
flaw,1
xiii,2
ranges,1
frighted,2
itch,1
nickd,1
captainship,1
opposd,1
mered,1
flying,1
flags,1
grizzled,1
principalities,1
coin,1
prevail,1
comparisons,1
apart,6
highbattled,1
unstate,1
stagd,1
sworder,1
emptiness,1
loyalty,2
allegiance,1
earns,1
boldly,1
renownd,1
entreats,1
standst,1
scars,3
constrained,1
leaky,1
sinking,1
begs,2
desird,3
staff,3
shroud,1
universal,3
landlord,1
deputation,1
conquring,1
prompt,1
allobeying,1
noblest,4
combating,1
musd,1
bestowd,2
raind,1
thunders,1
performs,1
fullest,1
kite,1
devils,3
melts,1
muss,1
jack,2
whelp,1
tributaries,1
cringe,1
whine,1
thymus,1
tug,1
errand,3
pillow,2
unpressd,1
forborne,1
feeders,1
boggler,1
viciousness,1
seel,1
filth,1
strut,1
confusion,3
trencher,1
fragment,1
cneius,1
unregistred,1
luxuriously,1
pickd,1
temperance,2
rewards,1
playfellow,1
plighter,1
basan,1
outroar,1
horned,1
civilly,1
halterd,1
hangman,1
soundly,1
disdainful,2
harping,1
empty,4
orbs,1
fires,1
mislike,1
hipparchus,1
enfranched,1
bondman,1
stripes,1
terrene,1
eclipsd,1
portends,1
ties,1
coldhearted,1
engender,1
source,1
determines,1
dissolve,2
smite,1
degrees,4
discandying,1
pelleted,1
storm,2
graveless,1
gnats,2
satisfied,2
oppose,1
threatning,2
sealike,1
earn,2
treblesinewd,1
hearted,1
breathd,2
maliciously,1
lucky,1
jests,4
bowls,1
birthday,1
thave,1
pestilent,1
outstare,1
lightning,1
furious,1
peck,1
estridge,1
diminution,1
restores,1
preys,1
chides,1
rods,1
combat,1
ruffian,2
challenge,1
falling,4
battles,1
earnd,1
bathe,1
woot,2
household,1
meal,1
servitors,1
odd,2
clappd,2
scant,1
cups,1
sufferd,1
followers,5
period,2
mangled,2
discomfort,1
onioneyd,1
transform,2
hearty,1
dolorous,1
torches,1
expect,2
victorious,1
consideration,1
determine,3
companies,1
corner,1
landmen,1
hautboys,1
watchmen,1
armour,4
chuck,1
iron,2
armourer,1
la,1
defences,1
briefly,2
buckled,1
rarely,3
unbuckles,1
dafft,1
fumblest,1
queens,1
squire,1
tight,1
occupation,1
armed,2
goodmorrow,1
lookst,2
betime,1
riveted,1
shout,2
lads,1
betimes,1
dame,2
rebukeable,1
mechanic,2
compliment,2
retire,3
gallantly,1
prevaild,2
revolted,3
chests,1
jot,2
adieus,1
corrupted,1
prosprous,1
threenookd,1
olive,2
vant,1
incline,1
casaer,1
unloading,1
mules,1
safd,1
bringer,1
donet,1
continues,1
turpitude,1
swifter,1
outstrike,1
ditch,2
foulst,1
camps,3
alarums,1
droven,1
clouts,1
bleedst,1
h,1
beatem,1
benchholes,1
scotches,1
backs,1
snatch,1
hares,1
maul,1
runner,1
sprightly,2
tenfold,1
gests,1
spill,1
escapd,1
doughtyhanded,1
hectors,1
clip,2
feats,1
joyful,3
congealment,1
gashes,1
fairy,2
chain,6
attire,2
harness,1
pants,1
triumphing,1
comst,1
snare,1
uncaught,1
nightingale,1
girl,3
nourishes,1
favouring,1
mankind,1
destroyed,1
carbuncled,1
hackd,1
targets,1
capacity,1
sup,1
carouses,1
brazen,1
din,1
blast,1
citys,1
rattling,2
tabourines,1
applauding,1
centurion,6
relievd,2
shiny,1
embattle,1
tos,1
hateful,1
poisonous,1
disponge,1
flint,1
hardness,1
powder,1
finish,3
infamous,1
masterleaver,1
swoons,3
raught,1
demurely,1
sleepers,1
recover,6
theyd,1
hills,1
adjoining,1
haven,1
appointment,1
endeavour,1
chargd,4
taket,1
galleys,1
vales,1
joind,1
yond,2
swallows,1
nests,1
augurers,1
grimly,1
dejected,1
fretted,1
betrayed,1
caps,1
carouse,1
tripleturnd,1
novice,1
revengd,1
charm,2
begone,2
uprise,1
spanield,1
discandy,1
blossoming,1
barkd,1
overtoppd,1
beckd,1
crownet,1
gypsy,1
loose,2
spell,1
avaunt,1
enragd,1
vanish,1
hoist,2
shouting,2
plebeians,1
chariot,1
monsterlike,1
poorst,1
diminutives,1
doits,1
plough,1
fellst,1
shirt,1
alcides,1
ancestor,1
lichas,1
graspd,1
heaviest,1
club,2
subdue,1
telamon,1
boar,2
thessaly,1
thmonument,1
lock,1
rive,1
piteously,1
xiv,1
beholdst,1
dragonish,1
vapour,2
towerd,1
pendent,1
forked,2
blue,3
promontory,1
vespers,1
pageants,2
dislimns,1
indistinct,1
visible,1
annexd,1
untot,1
moe,1
packd,1
cards,1
falseplayd,1
robbd,2
tearing,1
rendred,1
unarm,1
departst,1
sevenfold,1
ajax,1
continent,1
crack,2
frail,1
bruised,1
torch,1
stray,1
entangles,1
ghosts,1
dido,1
aeneas,1
haunt,2
detest,1
baseness,2
quarterd,1
neptunes,1
cities,1
exigent,1
inevitable,1
prosecution,1
horror,2
strikst,1
defeatst,1
darts,1
windowd,1
pleachd,1
corrigible,1
penetrative,1
wheeld,1
branded,1
ensued,1
useful,1
sworst,1
precedent,1
unpurposd,1
turning,3
bridegroom,1
intot,2
scholar,1
learnd,3
begun,2
diomed,3
sufficing,1
prophesying,1
purgd,1
emperors,1
bides,2
lightly,1
xv,1
events,3
proportiond,1
darkling,1
oerthrown,1
triumphd,1
imperious,1
fullfortund,1
broochd,1
sting,3
conclusion,4
demuring,1
heaviness,1
junos,3
strongwingd,1
mercury,1
wishers,1
wheel,3
provokd,1
resolution,2
miserable,3
lament,4
basely,1
cowardly,1
helmet,1
valiantly,1
sty,1
garland,1
pole,1
remarkable,1
visiting,1
milks,1
meanest,1
chares,1
sottish,1
dog,6
sirs,2
briefest,1
frustrate,1
mocks,2
pauses,1
haters,1
pleasest,1
dens,1
hired,1
splitted,2
staind,3
persisted,1
taints,1
rarer,1
steer,1
humanity,1
mirrors,1
lance,1
diseases,2
bodies,1
declining,2
mate,2
kindle,2
unreconciliable,1
equalness,1
meeter,1
confind,1
preparedly,1
forcd,3
ungentle,2
speediest,1
employd,2
calm,2
proceeded,1
writings,1
desolation,2
paltry,1
shackles,1
bolts,1
palates,1
dug,1
beggars,2
study,4
meanst,2
princely,1
flows,1
dependency,1
obedience,2
causd,1
ascend,1
ladder,1
unbar,1
drawing,1
disarms,1
rids,1
languish,2
acted,1
piniond,1
chastisd,1
varletry,1
censuring,1
starknakd,1
waterflies,1
abhorring,1
countrys,1
pyramides,1
gibbet,1
chains,1
assuredly,2
dreamt,2
heavns,1
lighted,1
bestrid,1
reard,1
crested,1
propertied,1
tuned,1
quail,2
orb,1
reaping,1
dolphinlike,1
element,1
walkd,1
crownets,1
realms,1
islands,1
plates,1
droppd,3
drearning,1
stuff,1
vie,1
forms,2
imagine,2
condemning,1
answering,1
pursud,2
rebound,1
smites,2
therecaesar,1
cleopatpa,1
kneels,1
shamd,2
extenuate,1
cruelty,2
bereave,1
destruction,1
thereon,1
scutcheons,1
plate,1
possessd,4
exactly,1
valued,2
treasurer,1
reservd,3
purchase,3
hird,2
soulless,1
wounding,1
vouchsafing,1
visit,1
lordliness,1
meek,2
immoment,1
toys,1
livia,1
induce,1
mediation,1
unfolded,1
cinders,1
misthought,1
acknowledgd,1
roll,1
merchant,15
merchants,3
cheerd,1
prisons,1
dispose,2
intends,1
puppet,1
slaves,1
greasy,3
aprons,1
rules,1
hammers,1
uplift,1
breaths,3
enclouded,1
lictors,1
comedians,1
extemporally,1
revels,1
drunken,1
squeaking,1
posture,1
absurd,1
attires,1
chare,1
doomsday,2
wherefores,1
guardsman,6
rural,1
resolutions,1
placd,1
marbleconstant,1
planet,1
basket,3
avoid,5
worm,8
biting,2
rememberst,1
yesterday,3
falliable,1
trusted,1
heeded,1
whoreson,1
longings,1
juice,1
rouse,1
warmth,1
aspic,2
vanishest,1
leavetaking,1
curled,1
asp,3
applies,2
intrinsicate,1
untie,1
venomous,2
unpolicied,1
eastern,1
baby,1
sucks,2
balm,1
unparalleld,1
downy,1
awry,1
rushing,1
softly,2
fitting,1
descended,2
dreaded,1
soughtst,1
augurer,1
levelld,1
bleed,1
poisond,1
trimming,1
diadem,1
tremblingly,1
swallowd,1
swelling,1
aspics,1
trail,1
figleaves,1
caves,1
conclusions,1
funeral,1
solemnity,1
exile,4
frederick,32
usurper,1
dominions,1
amiens,16
banished,7
beau,22
wrestler,7
oliver,54
rowland,6
orlando,164
adam,24
dennis,6
touchstone,88
jester,1
martext,8
vicar,2
corin,34
shepherd,26
audrey,33
representing,1
hymen,7
rosalind,264
celia,126
phebe,46
shepherdes,1
pages,3
foresters,3
olivers,3
fredericks,1
forest,40
arden,7
orchard,2
school,2
goldenly,1
rustically,1
properly,1
unkept,1
differs,1
stalling,1
ox,2
riders,1
animals,2
dunghills,1
plentifully,1
hinds,1
mines,1
gentility,1
grieves,3
servitude,2
employed,1
hogs,1
husks,1
prodigal,1
portion,1
nations,1
allows,1
tradition,1
albeit,2
nearer,2
reverence,1
youngest,5
begot,3
villains,2
pulld,1
raild,2
accord,2
traind,1
peasant,2
obscuring,1
gentlemanlike,1
exercises,1
allottery,1
rankness,1
holla,3
importunes,1
wrestling,8
voluntary,1
lands,6
cradles,1
robin,1
hood,1
england,2
flock,4
carelessly,1
secretly,2
disguisd,2
escapes,1
limb,1
acquit,1
foil,2
intendment,1
brook,4
underhand,1
laboured,2
resolute,1
stubbornest,1
envious,3
contriver,1
entrap,1
treacherous,2
device,4
brotherly,1
anatomize,1
payment,1
schoold,1
enchantingly,1
misprised,2
lawn,1
coz,10
merrier,2
extraordinary,1
righteously,1
temperd,1
rejoice,1
monster,1
earnest,5
bestowed,1
benefits,3
illfavouredly,2
lineaments,2
flout,4
cutteroff,1
peradventure,1
perceiveth,1
whetstone,2
pancakes,2
mustard,3
heap,1
unmuzzle,1
chins,1
beards,4
knavery,1
pancackes,1
taxation,1
wisely,4
foolishly,2
sayest,2
silenced,1
foolery,2
pigeons,2
newscrammd,1
marketable,1
bon,1
jour,1
princess,4
destinies,1
trowel,1
losest,1
amaze,1
beginning,3
bills,1
necks,1
wrestled,3
ribs,2
beholders,1
weeping,7
longs,1
dotes,1
ribbreaking,1
appointed,1
forwardness,1
successfully,1
crept,1
challengers,2
challenger,2
challengd,1
adventure,2
foild,1
supplied,1
desirous,1
working,1
persuaded,1
mockd,1
esteemd,1
rowlands,4
calling,2
adopted,1
entreaties,1
venturd,1
suits,4
quintain,1
lifeless,2
block,1
overthrown,2
weights,1
urgd,2
applause,1
misconstrues,1
humorous,3
judge,3
smaller,1
detaind,1
niece,3
bounden,1
curs,1
cousins,1
lamd,1
childs,1
workingday,1
burs,2
holiday,2
trodden,1
paths,1
petticoats,1
coat,3
hem,2
ensue,2
frantic,1
unborn,1
purgation,2
mistrust,1
likelihood,1
dukedom,2
inherited,1
remorse,1
coupled,2
inseparable,1
subtle,1
smoothness,1
irrevocable,1
pronounce,1
outstay,1
grievd,1
teacheth,1
sundred,1
provoketh,1
umber,1
smirch,1
assailants,1
curtleaxe,1
thigh,1
spear,1
swashing,1
martial,1
outside,1
mannish,1
outface,1
semblances,1
ganymede,9
aliena,7
assayd,1
clownish,1
fittest,1
banishment,1
senior,35
comates,1
penalty,2
icy,1
fang,1
churlish,4
bites,1
shrink,1
counsellors,1
feelingly,1
adversity,2
toad,1
exempt,2
brooks,1
sermons,1
stubbornness,1
venison,1
irks,1
dappled,1
burghers,1
confines,1
haunches,1
gord,1
usurp,1
oak,2
peeps,1
brawls,1
sequestred,1
hunters,1
animal,1
heavd,1
discharge,1
leathern,2
bursting,1
coursd,1
piteous,2
hairy,2
marked,1
extremest,1
verge,1
augmenting,1
moralize,1
spectacle,1
needless,1
worldlings,1
abandoned,1
flux,2
jumps,1
invectively,1
pierceth,1
usurpers,1
fright,1
dwellingplace,1
contemplation,2
sobbing,1
cope,1
untreasurd,1
roynish,1
missing,1
hisperia,1
confesses,1
oerheard,1
believes,1
inquisition,1
runaways,1
overcome,1
bonny,1
prizer,1
swiftly,1
comely,1
envenoms,1
lodging,1
overheard,1
butchery,1
boistrous,1
road,2
thrifty,1
hire,1
savd,2
fosternurse,1
unregarded,1
corners,1
ravens,1
providently,1
caters,1
sparrow,1
rebellious,1
liquors,1
unbashful,1
debility,1
frosty,1
meed,1
promotion,1
choke,1
prunst,1
tree,10
blossom,1
lieu,1
wages,2
gasp,1
fourscore,2
doublet,4
ought,1
travellers,1
sighd,3
actions,2
ridiculous,2
fantasy,2
remembrest,1
slightest,1
hearer,1
abruptly,1
searching,1
anight,1
jane,1
batler,1
cows,1
dugs,1
milkd,1
peascod,1
instead,1
cods,1
capers,1
ware,2
shins,1
shepherds,5
ensman,1
betters,1
succour,1
shear,1
fleeces,1
graze,2
recks,1
hospitality,1
cote,2
flocks,1
bounds,3
sale,1
sheepcote,2
swain,1
erewhile,2
buying,1
cottage,2
faithful,4
feeder,1
greenwood,1
weather,3
suck,3
weasel,1
eggs,1
stanzo,1
stanzos,1
dogapes,1
renders,1
beggarly,1
disputable,1
warble,1
stubborn,1
ducdame,4
greek,1
invocation,1
severally,1
uncouth,1
mocker,1
cheerly,2
liest,2
shelter,1
outlaws,1
nowhere,1
compact,4
jars,2
musical,1
baskd,1
poke,1
lacklustre,1
wags,1
ago,1
eleven,1
lungs,1
chanticleer,1
contemplative,1
sans,5
intermission,1
motleys,1
biscuit,1
voyage,2
crammd,1
observation,1
vents,1
galled,1
parish,1
church,4
hit,2
smart,1
bob,1
squandring,1
glances,1
invest,1
cleanse,1
infected,1
patiently,2
counter,1
mischievous,1
brutish,1
embossed,1
sores,1
headed,1
disgorge,1
wearers,1
ebb,1
citywoman,1
bravery,1
taxing,1
wildgoose,1
unclaimd,1
cock,1
boldend,1
despiser,1
civility,2
seemst,1
vein,2
thorny,1
arn,2
inland,2
nurture,1
gentleness,4
commandment,1
inaccessible,1
creeping,2
bells,2
knolld,2
wipd,2
engendred,1
ministred,1
doe,1
limpd,1
sufficd,1
bit,1
theatre,1
players,1
exits,1
entrances,1
seven,5
infant,1
mewling,1
puking,1
nurses,1
whining,1
schoolboy,1
satchel,1
shining,1
snail,5
unwillingly,1
sighing,2
furnace,1
eyebrow,1
bearded,1
pard,1
cannons,1
belly,2
capon,3
lind,3
severe,1
saws,1
instances,1
sixth,2
slipperd,1
pantaloon,1
spectacles,1
pouch,1
shrunk,2
shank,1
childish,1
treble,1
pipes,1
whistles,1
eventful,1
venerable,1
heighho,5
holly,2
feigning,2
freeze,2
nigh,2
warp,3
remembred,2
whisperd,1
effigies,1
limnd,1
residue,1
cave,3
support,1
candle,2
twelvemonth,2
territory,1
seizure,1
push,1
expediently,1
thricecrowned,1
huntress,1
witnessd,1
unexpressive,1
solitary,1
plenty,1
philosophy,1
sheep,2
kindred,1
philosopher,2
illroasted,1
sawst,3
damnation,1
parlous,1
mockable,1
salute,1
uncleanly,2
handling,1
ewes,3
fells,1
grease,2
mutton,1
wholesome,1
sounder,1
tarrd,1
surgery,1
tar,2
perfumd,1
civet,2
perpend,1
incision,1
raw,1
labourer,1
rams,2
copulation,1
cattle,2
bawd,1
bellwether,1
shelamb,1
crookedpated,1
cuckoldly,1
reasonable,1
mistresss,1
western,1
inde,1
rosalinde,11
dinners,1
suppers,1
excepted,1
butterwomens,1
market,1
slender,1
sheaf,1
cart,1
rind,1
gallop,2
infect,2
yields,1
graff,2
medlar,2
earliest,1
writing,3
unpeopled,1
sayings,1
erring,1
streching,1
span,1
violated,1
rosalinda,1
teaching,1
quintessence,1
sprite,1
wideenlargd,1
distilld,1
atalantas,2
lucretias,1
pulpiter,1
homily,1
wearied,1
parishioners,1
bag,1
baggage,2
scrip,1
scrippage,1
lamely,1
wondering,1
palmtree,1
berhymd,1
pythagoras,1
irish,2
rat,1
trow,1
mountains,1
earthquakes,1
petitionary,1
vehemence,1
whooping,1
caparisond,1
south,2
discovery,1
stammer,1
narrowmouthd,1
bottle,1
cork,1
chin,3
trippd,1
wrestlers,1
mocking,1
gargantuas,1
catechism,1
freshly,1
atomies,2
resolve,1
propositions,1
relish,1
acorn,1
curvets,1
unseasonably,1
hunter,1
ominous,1
bringst,1
slink,1
christend,1
stature,1
goldsmiths,1
connd,1
cloth,1
cipher,1
signior,4
forester,2
groaning,1
detect,1
lazy,1
ambles,3
trots,2
gallops,1
trot,1
solemnizd,1
sennight,1
latin,1
gout,1
gallows,1
lawyers,2
vacation,1
shepherdess,3
skirts,2
fringe,1
coney,1
kindled,1
accent,1
finer,1
dwelling,1
courtship,1
lectures,1
giddy,2
halfpence,1
fellowfault,1
recount,1
haunts,2
carving,1
odes,1
hawthorns,1
elegies,1
brambles,1
deifying,1
fancymonger,1
quotidian,1
loveshakd,1
uncles,1
marks,13
cage,1
rushes,1
unquestionable,1
ungarterd,1
bonnet,1
unbanded,1
sleeve,3
unbuttond,1
shoe,2
untied,1
demonstrating,1
pointdevice,1
accoutrements,1
apter,1
consciences,1
rhymes,1
madmen,1
punishd,1
lunacy,1
whippers,1
curing,1
moonish,1
effeminate,1
changeable,1
fantastical,3
apish,1
smiles,1
loathe,1
forswear,3
spit,4
suitor,1
nook,1
monastic,1
sheeps,1
goats,2
features,2
capricious,1
ovid,1
goths,1
illinhabited,1
thatchd,1
seconded,1
understanding,2
poetical,3
poetry,3
feign,2
swearst,1
hardfavourd,1
sugar,1
slut,2
foulness,2
sluttishness,1
village,2
couple,1
stagger,1
temple,1
assembly,2
hornbeasts,1
goods,4
dowry,1
walld,1
town,11
bachelor,1
chapel,1
discovering,1
whatyecallt,1
goddild,1
toy,1
coverd,2
curb,1
falcon,1
bill,1
wedlock,2
nibbling,1
bush,3
wainscot,1
panel,1
timber,1
bawdry,1
browner,2
judass,2
chestnut,1
sanctity,1
bread,1
nun,2
sisterhood,1
religiously,1
pickpurse,1
horsestealer,1
concave,1
covered,1
goblet,1
wormeaten,1
downright,1
tapster,1
confirmer,1
reckonings,1
parentage,1
breaks,4
traverse,1
athwart,1
puny,1
tilter,1
goose,1
enquired,1
complaind,1
sitting,1
turf,1
pageant,1
feedeth,1
executioner,2
accustomd,1
axe,1
sterner,1
injure,1
frailst,1
softest,1
butchers,1
murderers,2
swoon,3
impressure,1
darted,1
arrows,2
advancing,1
insult,1
exult,1
pitiless,1
salework,1
ods,2
tangle,1
inky,1
silk,1
bugle,1
eyeballs,1
cream,1
entame,1
foggy,1
puffing,1
properer,1
illfavourd,2
knees,1
fasting,1
markets,1
scoffer,1
frowning,1
falser,1
tuft,1
ply,1
extermind,1
neighbourly,1
covetousness,1
irksome,1
plenteous,1
glean,1
reaps,1
scattred,1
carlot,1
heal,1
soso,1
redness,1
mixd,1
damask,1
markd,2
omittance,1
quittance,1
taunting,1
passing,1
abominable,1
censure,2
drunkards,1
scholars,1
emulation,1
musicians,1
simples,1
extracted,1
sundry,1
rumination,1
wraps,1
gaind,1
blank,1
lisp,1
disable,1
swam,1
gondola,1
shoulder,2
heartwhole,1
tardy,2
jointure,1
beholding,1
prevents,1
hornmaker,1
leer,1
gravelld,1
orators,1
warn,1
cleanliest,1
ranker,1
talking,2
videlicet,1
lovecause,1
troilus,1
dashd,1
patterns,1
leander,1
hero,2
midsummer,1
hellespont,1
chroniclers,1
sestos,1
eaten,1
comingon,1
fridays,1
saturdays,1
wingd,1
barbary,1
cockpigeon,1
clamorous,1
parrot,1
ape,2
monkey,1
fountain,1
hyen,1
inclind,1
waywarder,1
keyhole,1
chimney,1
neighbours,1
flattering,1
pathetical,1
breakpromise,1
hollow,1
chosen,1
unfaithful,1
examines,1
misusd,1
loveprate,1
portugal,1
bottomless,1
conceivd,1
spleen,1
killed,1
deers,1
leather,2
crest,1
waspish,1
tenour,1
guiltless,1
startle,1
swaggerer,1
hare,1
hunt,1
freestonecolourd,1
verily,1
gloves,1
huswifes,1
boisterous,1
defies,1
giantrude,1
ethiope,1
blacker,1
phebes,2
railing,2
godhead,1
warrst,1
vengeance,1
mild,1
endurd,2
snake,2
purlieus,1
fencd,1
osiers,1
bestows,2
napkin,3
pacing,1
chewing,1
befell,1
mossd,1
bald,6
oergrown,1
wreathd,1
approachd,2
unlinkd,1
indented,1
glides,1
bushs,1
lioness,4
udders,1
couching,1
catlike,1
unnatural,2
suckd,1
purposd,1
hurtling,1
rescud,1
contrive,1
conversion,1
tastes,1
recountments,1
bathd,1
committing,1
bled,1
fainting,2
dyd,1
counterfeited,3
paler,2
homewards,1
counterfeiting,1
gentlemans,1
claim,6
flouting,2
heathen,1
filling,1
ipse,2
abandon,2
boorish,1
perishest,1
bastinado,1
bandy,1
oerrun,1
tremble,1
trip,2
giddiness,1
claws,1
wonders,1
thrasonical,1
overcame,1
stairs,1
climb,1
incontinent,2
clubs,1
nuptial,1
heartheaviness,1
insomuch,1
conversd,1
magician,3
gesture,1
straits,1
inconvenient,1
human,1
ungentleness,1
adoration,1
howling,1
wolves,1
dishonest,1
roundly,1
spitting,1
hoarse,1
ifaith,2
gipsies,1
hey,9
nonino,4
cornfield,1
ding,3
acres,1
rye,1
folks,1
carol,1
ditty,1
untuneable,1
promised,1
bargain,2
doubts,1
forestborn,1
tutord,1
rudiments,1
studies,1
obscured,2
flood,3
couples,1
ark,1
motleyminded,1
trod,1
flattred,1
quarrels,1
seventh,5
ild,1
copulatives,1
according,4
binds,1
sententious,1
bolt,1
retort,2
quip,2
countercheck,2
quarrelsome,2
circumstantial,2
measurd,1
nominate,1
fifth,1
circumstance,1
peacemaker,1
stalkinghorse,1
hymens,1
wedlockhymn,1
questioning,1
diminish,1
peoples,1
degree,1
combine,1
resorted,1
addressd,1
purposely,1
bequeathing,1
exild,1
engage,1
offerst,1
withheld,1
newfalln,1
rustic,1
revelry,1
brides,1
bridegrooms,1
heapd,1
pompous,1
convertites,1
allies,1
welldeserved,1
victualld,1
rites,1
unhandsome,1
prologue,1
bushes,1
epilogues,1
insinuate,1
conjure,2
simpring,1
complexions,1
defied,1
curtsy,1
comedy,2
solinus,2
ephesus,71
aegeon,11
syracuse,152
antipholus,108
twin,2
aegion,1
aemelia,1
dromio,122
antipholuses,1
balthazar,9
angelo,7
goldsmith,1
aemilia,1
abbess,1
adriana,30
luciana,32
luce,12
courtezan,1
hall,1
procure,1
partial,1
infringe,1
sprung,1
rancorous,1
outrage,1
welldealing,1
countrymen,2
guilders,1
rigorous,1
statutes,1
excludes,1
intestine,1
seditious,1
synods,1
decreed,1
syracusians,1
towns,1
syracusian,4
marts,1
fairs,1
ephesushe,1
confiscate,2
levied,1
amount,1
likewise,1
departedst,1
heavier,1
imposd,1
unspeakable,1
increasd,1
voyages,1
epidamnum,3
embracements,1
spouse,1
provision,1
arrived,1
disdnguishd,1
inn,3
male,1
meanly,1
unwilling,1
saild,1
alwayswindobeying,1
tragic,1
retain,1
doubtful,1
incessant,1
weepings,1
plainings,1
delays,1
sailors,1
sinkingripe,1
latterborn,1
fastned,2
mast,2
seafaring,1
heedful,2
fixing,1
floating,1
corinth,3
dispersd,1
vapours,1
waxd,1
discovered,1
amain,1
epidaurus,1
cameo,1
sequel,1
termd,1
merciless,1
leagues,1
violently,1
helpful,1
burdened,1
fishermen,1
seizd,1
shipwreckd,1
guests,1
reft,2
fishers,1
homeward,2
misfortunes,1
prolongd,1
stories,1
mishaps,1
sorrowest,1
dilate,1
befalln,1
eighteen,1
inquisitive,2
importund,1
attendantso,1
retaind,1
greece,1
roaming,1
coasting,1
hopeless,2
unsought,1
harbours,1
timely,1
hapless,1
fates,1
dire,1
mishap,1
disannul,1
adjudged,1
recalld,1
disparagement,1
beneficial,1
doomd,1
custody,2
helpless,2
wend,1
procrastinate,1
mart,10
apprehended,1
arrival,1
centaur,5
dinnertime,2
traders,1
buildings,1
lightens,1
dine,5
consort,1
commends,2
almanac,1
returnd,3
pig,2
strucken,1
osixpence,1
wednesday,1
saddler,2
crupper,1
dally,1
maw,1
foolishness,1
sconce,4
undisposd,1
oerraught,1
cozenage,1
jugglers,1
darkworking,1
sorcerers,1
soulkilling,1
witches,2
deform,1
disguised,1
cheaters,1
prating,2
mountebanks,1
suchlike,1
liberties,1
somewhere,1
fret,1
bridle,1
asses,1
bridled,1
headstrong,1
lashd,1
situate,1
fowls,3
males,1
controls,1
watry,1
indud,1
intellectual,1
preeminence,1
females,1
accords,1
unwed,1
troubles,1
marriagebed,1
unmovd,1
pause,1
bruisd,1
burdned,1
urging,2
foolbeggd,1
doubtfully,2
plainly,1
hornmad,2
cuckoldmad,1
stark,1
beating,2
football,1
loureth,1
minions,1
starve,1
alluring,1
discourses,1
voluble,1
blunts,1
vestments,1
ruins,1
ruind,1
defeatures,1
sunny,1
unruly,2
selfharming,1
unfeeling,1
otherwhere,1
enamelled,1
touching,1
corruption,1
wandred,1
computation,1
hosts,1
alterd,1
madly,1
golds,1
toldst,1
feltst,1
displeasd,1
jeer,1
familiarly,1
chat,1
crannies,1
demeanour,1
battering,1
insconce,1
basting,2
choleric,2
periwig,1
plentiful,1
excrement,1
conclude,2
dealers,1
plainer,1
dealer,1
loseth,1
falsing,1
tiring,1
namely,1
substantial,1
wafts,1
aspects,1
unurgd,1
sweetsavourd,1
carvd,1
estranged,1
undividable,1
incorporate,1
gulf,1
unmingled,1
diminishing,1
licentious,1
contaminate,1
harlotbrow,1
weddingring,1
deepdivorcing,1
digest,1
contagion,1
truce,1
disstaind,1
undishonoured,1
scannd,1
converse,1
drift,1
inspiration,1
agrees,1
abetting,1
thwart,1
fasten,1
elm,1
ivy,1
brier,1
moss,1
pruning,1
intrusion,2
uncertainty,1
fallacy,1
beads,1
sinner,1
goblins,1
owls,1
sprites,1
pratst,1
answerst,1
drone,1
slug,1
sot,1
transformed,1
rides,1
laughs,1
shrive,1
pranks,1
dines,1
porter,4
welladvisd,1
mist,1
adventures,1
shrewish,1
lingerd,1
drunkard,1
parchment,1
handwriting,1
kickd,1
dainties,1
dainty,1
niggardly,1
sparing,1
cates,1
maud,1
bridget,1
marian,1
cicely,1
gillian,1
ginn,1
mome,1
malthorse,1
idiot,1
callst,1
dind,1
mickle,1
proverb,1
thatswhen,1
ache,1
debating,1
thin,1
cake,1
buck,1
ope,1
wantst,1
fin,2
fowl,1
unviolated,1
thisyour,1
ruld,1
tiger,1
rout,1
ungalled,1
housd,1
wifebut,1
oftentimes,1
upbraided,1
porpentine,1
lovesprings,1
ruinous,1
wealths,1
muffle,1
disloyalty,1
harbinger,1
secretfalse,1
brags,1
managed,1
conquers,1
mistresswhat,1
earths,2
wondermore,1
earthygross,1
smothred,1
folded,1
decline,1
drowned,1
springeth,1
womanone,1
reverent,1
sirreverence,1
kitchenwench,1
rags,1
tallow,1
poland,1
swart,1
sweats,1
grime,1
noahs,1
nell,1
quarters,2
ell,1
hip,4
spherical,1
globe,1
countries,1
ireland,1
buttocks,1
bogs,1
scotland,1
barrenness,1
reverted,1
chalky,1
cliffs,1
whiteness,1
ran,2
spain,2
america,1
indies,1
embellished,1
rubies,1
carbuncles,1
sapphires,1
armadoes,1
caracks,1
ballast,1
belgia,1
netherlands,1
diviner,1
mole,1
wart,1
trudge,1
